file_path,title,topic_0,topic_1,topic_2,topic_3,topic_4
"E:\GITHUB\topic analysis with NMF\Data_Abstract\Springer Database\Fixed Point Theory and Applications\10December 2007, Issue 1\paper1.txt",A Fixed Point Approach to the Stability of a Functional Equation of the Spiral of Theodorus,0.11771251859993118,0.0,0.0,0.3610160223063635,0.0
"E:\GITHUB\topic analysis with NMF\Data_Abstract\Springer Database\Fixed Point Theory and Applications\10December 2007, Issue 1\paper10.txt",Fixed Point Methods for the Generalized Stability of Functional Equations in a Single Variable,0.0,0.0,0.0,0.40033663933919184,0.0
"E:\GITHUB\topic analysis with NMF\Data_Abstract\Springer Database\Fixed Point Theory and Applications\10December 2007, Issue 1\paper11.txt",Strong Convergence Theorems for Nonexpansive Semigroups without Bochner Integrals,0.009054003186216396,0.0,0.10536191349177845,0.0,0.0904182203668302
"E:\GITHUB\topic analysis with NMF\Data_Abstract\Springer Database\Fixed Point Theory and Applications\10December 2007, Issue 1\paper12.txt",Weak and Strong Convergence Theorems of an Implicit Iteration Process for a Countable Family of Nonexpansive Mappings,0.0,0.0,0.31301078602197285,0.011876921225064032,0.006755167447974662
"E:\GITHUB\topic analysis with NMF\Data_Abstract\Springer Database\Fixed Point Theory and Applications\10December 2007, Issue 1\paper13.txt",A Fixed Point Approach to the Stability of Quadratic Functional Equation with Involution,0.0,0.0,0.0,0.396702388345172,0.0
"E:\GITHUB\topic analysis with NMF\Data_Abstract\Springer Database\Fixed Point Theory and Applications\10December 2007, Issue 1\paper14.txt",Viscosity Approximation Methods for Generalized Mixed Equilibrium Problems and Fixed Points of a Sequence of Nonexpansive Mappings,0.0,0.0,0.34833552931532,0.0,0.009728197805563804
"E:\GITHUB\topic analysis with NMF\Data_Abstract\Springer Database\Fixed Point Theory and Applications\10December 2007, Issue 1\paper15.txt",Weak Convergence Theorems of Three Iterative Methods for Strictly Pseudocontractive Mappings of Browder-Petryshyn Type,0.3194894390663379,0.0,0.05469150989367516,0.0,0.0
"E:\GITHUB\topic analysis with NMF\Data_Abstract\Springer Database\Fixed Point Theory and Applications\10December 2007, Issue 1\paper16.txt",Strong Convergence of a Modified Halpern's Iteration for Nonexpansive Mappings,0.09882924099071003,0.05629405708139972,0.1108041164957429,0.0,0.04167753746793159
"E:\GITHUB\topic analysis with NMF\Data_Abstract\Springer Database\Fixed Point Theory and Applications\10December 2007, Issue 1\paper17.txt",Best Proximity Pairs for Upper Semicontinuous Set-Valued Maps in Hyperconvex Metric Spaces,0.1496823304133792,0.08740786158912174,0.0,0.0,0.04024407646471466
"E:\GITHUB\topic analysis with NMF\Data_Abstract\Springer Database\Fixed Point Theory and Applications\10December 2007, Issue 1\paper18.txt",Fixed Point Theorems for Middle Point Linear Operators in  Open image in new window,0.18171381395355835,0.015294620222955278,0.00029007281566904115,0.10121589367234818,0.07585207675673611
"E:\GITHUB\topic analysis with NMF\Data_Abstract\Springer Database\Fixed Point Theory and Applications\10December 2007, Issue 1\paper19.txt",Well-Posedness and Fractals via Fixed Point Theory,0.0,0.12712874955418366,0.005585418160118089,0.1168993022809703,0.028941024951752575
"E:\GITHUB\topic analysis with NMF\Data_Abstract\Springer Database\Fixed Point Theory and Applications\10December 2007, Issue 1\paper2.txt",Quasicontraction Mappings in Modular Spaces without Δ2-Condition,0.09182262776747781,0.035562358743756343,0.010418562940034591,0.04685690466530653,0.14249307904596206
"E:\GITHUB\topic analysis with NMF\Data_Abstract\Springer Database\Fixed Point Theory and Applications\10December 2007, Issue 1\paper20.txt",The Solvability of a Class of General Nonlinear Implicit Variational Inequalities Based on Perturbed Three-Step Iterative Processes with Errors,0.009298528694466497,0.10493143056482371,0.06418381266044017,0.14708533075693297,0.0
"E:\GITHUB\topic analysis with NMF\Data_Abstract\Springer Database\Fixed Point Theory and Applications\10December 2007, Issue 1\paper3.txt",Convergence Theorems of Common Fixed Points for Pseudocontractive Mappings,0.0,0.08433317041551741,0.14772501460996168,0.0,0.0
"E:\GITHUB\topic analysis with NMF\Data_Abstract\Springer Database\Fixed Point Theory and Applications\10December 2007, Issue 1\paper4.txt",Stability of the Cauchy-Jensen Functional Equation in  Open image in new window -Algebras: A Fixed Point Approach,0.22173051482010248,0.0,0.0,0.16878355800920283,0.0
"E:\GITHUB\topic analysis with NMF\Data_Abstract\Springer Database\Fixed Point Theory and Applications\10December 2007, Issue 1\paper5.txt",Convergence Theorems of Fixed Points for a Finite Family of Nonexpansive Mappings in Banach Spaces,0.0,0.09766412420556256,0.19788065189834944,0.0,0.0
"E:\GITHUB\topic analysis with NMF\Data_Abstract\Springer Database\Fixed Point Theory and Applications\10December 2007, Issue 1\paper6.txt",Generalized Mann Iterations for Approximating Fixed Points of a Family of Hemicontractions,0.01160304227913077,0.09080574766891146,0.13955815492546345,0.007711590533357598,0.05874569288535523
"E:\GITHUB\topic analysis with NMF\Data_Abstract\Springer Database\Fixed Point Theory and Applications\10December 2007, Issue 1\paper7.txt",Some Extensions of Banach's Contraction Principle in Complete Cone Metric Spaces,0.21561665455332452,0.027136850762740146,0.0,0.0,0.22149773291395697
"E:\GITHUB\topic analysis with NMF\Data_Abstract\Springer Database\Fixed Point Theory and Applications\10December 2007, Issue 1\paper8.txt",Bifurcation Results for a Class of Perturbed Fredholm Maps,0.3045839921402994,0.0,0.0,0.07847956158641656,0.0
"E:\GITHUB\topic analysis with NMF\Data_Abstract\Springer Database\Fixed Point Theory and Applications\10December 2007, Issue 1\paper9.txt",Weak and Strong Convergence Theorems for Nonexpansive Mappings in Banach Spaces,0.15438863196704442,0.09792990619968685,0.17056572718561516,0.0,0.0
"E:\GITHUB\topic analysis with NMF\Data_Abstract\Springer Database\Fixed Point Theory and Applications\11December 2009, Issue 1\paper1.txt",Fixed Points for Multivalued Mappings and the Metric Completeness,0.0,0.09074531898089613,0.032976939218161916,0.0,0.16196168248536405
"E:\GITHUB\topic analysis with NMF\Data_Abstract\Springer Database\Fixed Point Theory and Applications\11December 2009, Issue 1\paper10.txt",Convergence Theorems of Three-Step Iterative Scheme for a Finite Family of Uniformly Quasi-Lipschitzian Mappings in Convex Metric Spaces,0.008859289988046809,0.12630688181596583,0.15017508460089782,0.0,0.05620631107486941
"E:\GITHUB\topic analysis with NMF\Data_Abstract\Springer Database\Fixed Point Theory and Applications\11December 2009, Issue 1\paper11.txt",Common Fixed Points of Generalized Contractive Hybrid Pairs in Symmetric Spaces,0.0037307095637153028,0.04693897751038144,0.001580590042825061,0.005728530928161317,0.15532769807858807
"E:\GITHUB\topic analysis with NMF\Data_Abstract\Springer Database\Fixed Point Theory and Applications\11December 2009, Issue 1\paper12.txt",Total Stability Properties Based on Fixed Point Theory for a Class of Hybrid Dynamic Systems,0.030199508619963962,0.028181078785126462,0.0,0.24080894251424834,0.040020994827347556
"E:\GITHUB\topic analysis with NMF\Data_Abstract\Springer Database\Fixed Point Theory and Applications\11December 2009, Issue 1\paper13.txt",Convergence Comparison of Several Iteration Algorithms for the Common Fixed Point Problems,0.20402204956930933,0.0,0.047145664767804685,0.0,0.030868704742946333
"E:\GITHUB\topic analysis with NMF\Data_Abstract\Springer Database\Fixed Point Theory and Applications\11December 2009, Issue 1\paper14.txt","Some Combined Relations between Contractive Mappings, Kannan Mappings, Reasonable Expansive Mappings, and  Open image in new window -Stability",0.20047856258018917,0.03953599654548139,0.0,0.014368635845965051,0.04440392001414713
"E:\GITHUB\topic analysis with NMF\Data_Abstract\Springer Database\Fixed Point Theory and Applications\11December 2009, Issue 1\paper15.txt",A Continuation Method for Weakly Contractive Mappings under the Interior Condition,0.005846288558718662,0.04654257908498115,0.0,0.061614255135650046,0.10527738335182495
"E:\GITHUB\topic analysis with NMF\Data_Abstract\Springer Database\Fixed Point Theory and Applications\11December 2009, Issue 1\paper16.txt",Fixed Points and Stability of the Cauchy Functional Equation in  Open image in new window -Algebras,0.2247133957308675,0.0,0.0,0.1031735579904855,0.0
"E:\GITHUB\topic analysis with NMF\Data_Abstract\Springer Database\Fixed Point Theory and Applications\11December 2009, Issue 1\paper17.txt",Some Common Fixed Point Theorems for Weakly Compatible Mappings in Metric Spaces,0.0,0.0,0.03575539983346751,0.0,0.2751968175183111
"E:\GITHUB\topic analysis with NMF\Data_Abstract\Springer Database\Fixed Point Theory and Applications\11December 2009, Issue 1\paper18.txt",On Strong Convergence by the Hybrid Method for Equilibrium and Fixed Point Problems for an Inifnite Family of Asymptotically Nonexpansive Mappings,0.0,0.022692513411942936,0.30989697075827466,0.0,0.0
"E:\GITHUB\topic analysis with NMF\Data_Abstract\Springer Database\Fixed Point Theory and Applications\11December 2009, Issue 1\paper19.txt",An Iterative Algorithm Combining Viscosity Method with Parallel Method for a Generalized Equilibrium Problem and Strict Pseudocontractions,0.014126257247703866,0.08438692092653843,0.2601120385180951,0.008655413898922633,0.0
"E:\GITHUB\topic analysis with NMF\Data_Abstract\Springer Database\Fixed Point Theory and Applications\11December 2009, Issue 1\paper2.txt",Strong Convergence Theorems for Infinitely Nonexpansive Mappings in Hilbert Space,0.0,0.0,0.17896349299462216,0.0,0.044911770359212046
"E:\GITHUB\topic analysis with NMF\Data_Abstract\Springer Database\Fixed Point Theory and Applications\11December 2009, Issue 1\paper20.txt",Approximate Fixed Point Theorems for the Class of Almost  Open image in new window - Open image in new window  Mappings in Abstract Convex Uniform Spaces,0.3035758512780974,0.06127106954501091,0.0,0.0,0.03486760170988217
"E:\GITHUB\topic analysis with NMF\Data_Abstract\Springer Database\Fixed Point Theory and Applications\11December 2009, Issue 1\paper3.txt","Super-Relaxed ( Open image in new window )-Proximal Point Algorithms, Relaxed ( Open image in new window )-Proximal Point Algorithms, Linear Convergence Analysis, and Nonlinear Variational Inclusions",0.1476914960894341,0.021097717015098355,0.024162365037721012,0.09859051587319433,0.015478380251166941
"E:\GITHUB\topic analysis with NMF\Data_Abstract\Springer Database\Fixed Point Theory and Applications\11December 2009, Issue 1\paper4.txt",A Fixed Point Approach to the Fuzzy Stability of an Additive-Quadratic-Cubic Functional Equation,0.22000711472527335,0.0,0.0,0.17838183621216372,0.06413839931292814
"E:\GITHUB\topic analysis with NMF\Data_Abstract\Springer Database\Fixed Point Theory and Applications\11December 2009, Issue 1\paper5.txt",Convex Solutions of a Nonlinear Integral Equation of Urysohn Type,0.2207577918281545,0.028828023480576025,0.0,0.1478426582297518,0.0
"E:\GITHUB\topic analysis with NMF\Data_Abstract\Springer Database\Fixed Point Theory and Applications\11December 2009, Issue 1\paper6.txt",Fixed Point Theorems for Contractive Mappings in Complete  Open image in new window -Metric Spaces,0.19998378922549068,0.09221778052257915,0.0,0.0,0.18202948396181967
"E:\GITHUB\topic analysis with NMF\Data_Abstract\Springer Database\Fixed Point Theory and Applications\11December 2009, Issue 1\paper7.txt",A Fixed Point Approach to the Stability of the Functional Equation  Open image in new window,0.21812290956052402,0.0,0.0,0.2000849254000739,0.004155228600446908
"E:\GITHUB\topic analysis with NMF\Data_Abstract\Springer Database\Fixed Point Theory and Applications\11December 2009, Issue 1\paper8.txt",Schauder Fixed Point Theorem in Spaces with Global Nonpositive Curvature,0.0,0.0,0.0,0.020962691750522906,0.22291702010409375
"E:\GITHUB\topic analysis with NMF\Data_Abstract\Springer Database\Fixed Point Theory and Applications\11December 2009, Issue 1\paper9.txt",On Series-Like Iterative Equation with a General Boundary Restriction,0.27695964549333646,0.0,0.0,0.09010819813858019,0.006996650631299972
"E:\GITHUB\topic analysis with NMF\Data_Abstract\Springer Database\Fixed Point Theory and Applications\12December 2010, Issue 1\paper1.txt",Levitin-Polyak Well-Posedness in Vector Quasivariational Inequality Problems with Functional Constraints,0.0,0.011643124990290363,0.010793011896906585,0.13220563788952833,0.0
"E:\GITHUB\topic analysis with NMF\Data_Abstract\Springer Database\Fixed Point Theory and Applications\12December 2010, Issue 1\paper10.txt",Hyers-Ulam Stability of Nonlinear Integral Equation,0.0,0.0,0.0019092427821870421,0.24513801112575564,0.0
"E:\GITHUB\topic analysis with NMF\Data_Abstract\Springer Database\Fixed Point Theory and Applications\12December 2010, Issue 1\paper11.txt",Fixed Points for Discontinuous Monotone Operators,0.006305382715268703,0.06513707664949546,0.062211712414419,0.16149047951722323,0.013904814947633752
"E:\GITHUB\topic analysis with NMF\Data_Abstract\Springer Database\Fixed Point Theory and Applications\12December 2010, Issue 1\paper12.txt",Contractive-Like Mapping Principles in Ordered Metric Spaces and Application to Ordinary Differential Equations,0.0,0.061383075149216884,0.0,0.06615394496238837,0.21367466083546963
"E:\GITHUB\topic analysis with NMF\Data_Abstract\Springer Database\Fixed Point Theory and Applications\12December 2010, Issue 1\paper13.txt",Convergence Theorems of Modified Ishikawa Iterative Scheme for Two Nonexpansive Semigroups,0.0,0.11723958275797211,0.1579288856257072,0.0,0.0
"E:\GITHUB\topic analysis with NMF\Data_Abstract\Springer Database\Fixed Point Theory and Applications\12December 2010, Issue 1\paper14.txt",A New System of Generalized Nonlinear Mixed Variational Inclusions in Banach Spaces,0.1417559849500382,0.11634500328056903,0.07967697105028947,0.03270619149380984,0.0
"E:\GITHUB\topic analysis with NMF\Data_Abstract\Springer Database\Fixed Point Theory and Applications\12December 2010, Issue 1\paper15.txt",Strong Convergence of a Generalized Iterative Method for Semigroups of Nonexpansive Mappings in Hilbert Spaces,0.1341622045421694,0.0,0.17763573400631205,0.018847373204585245,0.025445394954563334
"E:\GITHUB\topic analysis with NMF\Data_Abstract\Springer Database\Fixed Point Theory and Applications\12December 2010, Issue 1\paper16.txt",On Properties of Solutions for Two Functional Equations Arising in Dynamic Programming,0.0076751183066040484,0.1259153932871941,0.0,0.2880405845714259,0.0
"E:\GITHUB\topic analysis with NMF\Data_Abstract\Springer Database\Fixed Point Theory and Applications\12December 2010, Issue 1\paper17.txt",Coincidence Theorems for Certain Classes of Hybrid Contractions,0.011288533387128543,0.15700890610657442,0.0,0.12976183448671852,0.05068507645364247
"E:\GITHUB\topic analysis with NMF\Data_Abstract\Springer Database\Fixed Point Theory and Applications\12December 2010, Issue 1\paper18.txt",Coupled Fixed Point Theorems for Nonlinear Contractions Satisfied Mizoguchi-Takahashi's Condition in Quasiordered Metric Spaces,0.011808298840485154,0.027374668680388577,0.0,0.00011857142072908635,0.32127063896860114
"E:\GITHUB\topic analysis with NMF\Data_Abstract\Springer Database\Fixed Point Theory and Applications\12December 2010, Issue 1\paper19.txt",Dynamic Traffic Network Equilibrium System,0.0,0.021902047686880838,0.09484823399003697,0.11779128410568585,0.006638132880214418
"E:\GITHUB\topic analysis with NMF\Data_Abstract\Springer Database\Fixed Point Theory and Applications\12December 2010, Issue 1\paper2.txt",Common Fixed Point Theorem for Four Non-Self Mappings in Cone Metric Spaces,0.0,0.0,0.02764589299764697,0.0,0.3473045351489916
"E:\GITHUB\topic analysis with NMF\Data_Abstract\Springer Database\Fixed Point Theory and Applications\12December 2010, Issue 1\paper20.txt",On Fixed Point Theorems for Multivalued Contractions,0.0,0.2270187621828676,0.0,0.0052248192665056035,0.13430090996897662
"E:\GITHUB\topic analysis with NMF\Data_Abstract\Springer Database\Fixed Point Theory and Applications\12December 2010, Issue 1\paper3.txt",Common Fixed Point Results in Metric-Type Spaces,0.0,0.03969008726093689,0.016098522262859818,0.011951497997137387,0.244188560439672
"E:\GITHUB\topic analysis with NMF\Data_Abstract\Springer Database\Fixed Point Theory and Applications\12December 2010, Issue 1\paper4.txt","Equivalent Extensions to Caristi-Kirk's Fixed Point Theorem, Ekeland's Variational Principle, and Takahashi's Minimization Theorem",0.12100378610128007,0.036227711892189984,0.007884361081842296,0.0,0.15902681048227887
"E:\GITHUB\topic analysis with NMF\Data_Abstract\Springer Database\Fixed Point Theory and Applications\12December 2010, Issue 1\paper5.txt",Hybrid Methods for Equilibrium Problems and Fixed Points Problems of a Countable Family of Relatively Nonexpansive Mappings in Banach Spaces,0.0,0.0,0.2920183517260762,0.013794692318264459,0.0
"E:\GITHUB\topic analysis with NMF\Data_Abstract\Springer Database\Fixed Point Theory and Applications\12December 2010, Issue 1\paper6.txt",Stable Iteration Procedures in Metric Spaces which Generalize a Picard-Type Iteration,0.0009482326192274035,0.04789531939342645,0.0,0.06242958077813147,0.08748100220077665
"E:\GITHUB\topic analysis with NMF\Data_Abstract\Springer Database\Fixed Point Theory and Applications\12December 2010, Issue 1\paper7.txt",Iterative Algorithms with Variable Coefficients for Asymptotically Strict Pseudocontractions,0.010749862626392508,0.061272468865891126,0.09236922424350473,0.0,0.0
"E:\GITHUB\topic analysis with NMF\Data_Abstract\Springer Database\Fixed Point Theory and Applications\12December 2010, Issue 1\paper8.txt",Best Proximity Points of Cyclic  Open image in new window -Contractions on Reflexive Banach Spaces,0.11329217848827199,0.13287410422559628,0.0,0.0,0.0
"E:\GITHUB\topic analysis with NMF\Data_Abstract\Springer Database\Fixed Point Theory and Applications\12December 2010, Issue 1\paper9.txt",Fixed Point Results for Multivalued Maps in Cone Metric Spaces,0.0,0.21943254163340617,0.0,0.0,0.16804801619778637
"E:\GITHUB\topic analysis with NMF\Data_Abstract\Springer Database\Fixed Point Theory and Applications\13December 2011, Issue 1\paper1.txt",Iterative Algorithms with Variable Coefficients for Multivalued Generalized  Open image in new window -Hemicontractive Mappings without Generalized Lipschitz Assumption,0.22667324003156,0.029595598646173043,0.05121903070975796,0.007309466672019107,0.05898925018669134
"E:\GITHUB\topic analysis with NMF\Data_Abstract\Springer Database\Fixed Point Theory and Applications\13December 2011, Issue 1\paper10.txt","A Viscosity of Cesàro Mean Approximation Methods for a Mixed Equilibrium, Variational Inequalities, and Fixed Point Problems",0.06989008110350889,0.0,0.32961582280775154,0.021684649511703895,0.0
"E:\GITHUB\topic analysis with NMF\Data_Abstract\Springer Database\Fixed Point Theory and Applications\13December 2011, Issue 1\paper11.txt",Convergence Analysis for a System of Generalized Equilibrium Problems and a Countable Family of Strict Pseudocontractions,0.005679238557227071,0.0,0.2426145723300008,0.0,0.0
"E:\GITHUB\topic analysis with NMF\Data_Abstract\Springer Database\Fixed Point Theory and Applications\13December 2011, Issue 1\paper12.txt",Iterative Algorithms for Finding Common Solutions to Variational Inclusion Equilibrium and Fixed Point Problems,0.0,0.12688196819499822,0.18841946916909905,0.032490903799222745,0.0
"E:\GITHUB\topic analysis with NMF\Data_Abstract\Springer Database\Fixed Point Theory and Applications\13December 2011, Issue 1\paper13.txt",Critical Point Theorems and Ekeland Type Variational Principle with Applications,0.1706369998324655,0.028684599234271285,0.0,0.0,0.2415879592415858
"E:\GITHUB\topic analysis with NMF\Data_Abstract\Springer Database\Fixed Point Theory and Applications\13December 2011, Issue 1\paper14.txt",The Existence of Maximum and Minimum Solutions to General Variational Inequalities in the Hilbert Lattices,0.0,0.010106764212561454,0.0531678032956229,0.1315107718335522,0.0
"E:\GITHUB\topic analysis with NMF\Data_Abstract\Springer Database\Fixed Point Theory and Applications\13December 2011, Issue 1\paper15.txt",Strong Convergence of Modified Halpern Iterations in CAT(0) Spaces,0.0,0.11029006726151612,0.13269683455290518,0.0,0.0
"E:\GITHUB\topic analysis with NMF\Data_Abstract\Springer Database\Fixed Point Theory and Applications\13December 2011, Issue 1\paper16.txt",About Robust Stability of Caputo Linear Fractional Dynamic Systems with Time Delays through Fixed Point Theory,0.0,0.003504301249286403,0.0072413938513810235,0.2001379399452011,0.1113952405549131
"E:\GITHUB\topic analysis with NMF\Data_Abstract\Springer Database\Fixed Point Theory and Applications\13December 2011, Issue 1\paper17.txt",A Weak Convergence Theorem for Total Asymptotically Pseudocontractive Mappings in Hilbert Spaces,0.0,0.012109696881917615,0.14959538372983902,0.0,0.058206584224055384
"E:\GITHUB\topic analysis with NMF\Data_Abstract\Springer Database\Fixed Point Theory and Applications\13December 2011, Issue 1\paper18.txt",Strong Convergence Theorems for an Infinite Family of Equilibrium Problems and Fixed Point Problems for an Infinite Family of Asymptotically Strict Pseudocontractions,0.0,0.03543095043395894,0.1768928595307124,0.0,0.0020638417376177436
"E:\GITHUB\topic analysis with NMF\Data_Abstract\Springer Database\Fixed Point Theory and Applications\13December 2011, Issue 1\paper19.txt",Second-Order Contingent Derivative of the Perturbation Map in Multiobjective Optimization,0.002911528874881161,0.09732366904670348,0.0,0.031287345378085,0.0
"E:\GITHUB\topic analysis with NMF\Data_Abstract\Springer Database\Fixed Point Theory and Applications\13December 2011, Issue 1\paper2.txt",Iterative Algorithms with Variable Coefficients for Multivalued Generalized  Open image in new window -Hemicontractive Mappings without Generalized Lipschitz Assumption,0.22667324003156,0.029595598646173043,0.05121903070975796,0.007309466672019107,0.05898925018669134
"E:\GITHUB\topic analysis with NMF\Data_Abstract\Springer Database\Fixed Point Theory and Applications\13December 2011, Issue 1\paper20.txt",Iterative Methods for Family of Strictly Pseudocontractive Mappings and System of Generalized Mixed Equilibrium Problems and Variational Inequality Problems,0.06130065942415753,0.022627495560628062,0.3411247340199393,0.0,0.0
"E:\GITHUB\topic analysis with NMF\Data_Abstract\Springer Database\Fixed Point Theory and Applications\13December 2011, Issue 1\paper3.txt",Fixed-Point Results for Generalized Contractions on Ordered Gauge Spaces with Applications,0.08495325861047781,0.25258901704290493,0.0,0.05044297830710616,0.0
"E:\GITHUB\topic analysis with NMF\Data_Abstract\Springer Database\Fixed Point Theory and Applications\13December 2011, Issue 1\paper4.txt",The Iterative Method of Generalized  Open image in new window -Concave Operators,0.13239479144440733,0.06785855981293837,0.00975705463694547,0.20602752511547429,0.0
"E:\GITHUB\topic analysis with NMF\Data_Abstract\Springer Database\Fixed Point Theory and Applications\13December 2011, Issue 1\paper5.txt",Approximating Fixed Points of Non-Lipschitzian Mappings by Metric Projections,0.007645397535362778,0.0,0.1822968791793048,0.0,0.13617984187128965
"E:\GITHUB\topic analysis with NMF\Data_Abstract\Springer Database\Fixed Point Theory and Applications\13December 2011, Issue 1\paper6.txt","Hybrid Proximal-Type Algorithms for Generalized Equilibrium Problems, Maximal Monotone Operators, and Relatively Nonexpansive Mappings",0.24592051930134623,0.012650840036656862,0.1444224553720323,0.0,0.0
"E:\GITHUB\topic analysis with NMF\Data_Abstract\Springer Database\Fixed Point Theory and Applications\13December 2011, Issue 1\paper7.txt",Hybrid Algorithms of Common Solutions of Generalized Mixed Equilibrium Problems and the Common Variational Inequality Problems with Applications,0.0,0.004965097015474707,0.3542855381845001,0.03929426471849041,0.0
"E:\GITHUB\topic analysis with NMF\Data_Abstract\Springer Database\Fixed Point Theory and Applications\13December 2011, Issue 1\paper8.txt",Existence Result of Generalized Vector Quasiequilibrium Problems in Locally  Open image in new window -Convex Spaces,0.08028811850936896,0.010277838132547666,0.08931607456610514,0.04886456640598316,0.08968520766057948
"E:\GITHUB\topic analysis with NMF\Data_Abstract\Springer Database\Fixed Point Theory and Applications\13December 2011, Issue 1\paper9.txt",Solving the Set Equilibrium Problems,0.016476259775149597,0.050801552848123786,0.14513892949536034,0.08786772317228674,0.0
"E:\GITHUB\topic analysis with NMF\Data_Abstract\Springer Database\Fixed Point Theory and Applications\14December 2012, Issue 1\paper1.txt",Best proximity point results in geodesic metric spaces,0.0,0.13981502664097611,0.026911004610537703,0.0003604385654784953,0.07607481371708696
"E:\GITHUB\topic analysis with NMF\Data_Abstract\Springer Database\Fixed Point Theory and Applications\14December 2012, Issue 1\paper10.txt",Common fixed point theorem for a hybrid pair of mappings in Hausdorff fuzzy metric spaces,0.0,0.10442835575356191,0.0024632944039199942,0.0,0.20673751127592943
"E:\GITHUB\topic analysis with NMF\Data_Abstract\Springer Database\Fixed Point Theory and Applications\14December 2012, Issue 1\paper11.txt",Convergence theorems for mixed type asymptotically nonexpansive mappings,0.030039931857291487,0.0,0.2237011702191288,0.0,0.02313872226352426
"E:\GITHUB\topic analysis with NMF\Data_Abstract\Springer Database\Fixed Point Theory and Applications\14December 2012, Issue 1\paper12.txt",A new extragradient-like method for solving variational inequality problems,0.02731862337836912,0.03500741570383454,0.09601339042607959,0.099038127168869,0.0
"E:\GITHUB\topic analysis with NMF\Data_Abstract\Springer Database\Fixed Point Theory and Applications\14December 2012, Issue 1\paper13.txt",Fixed point theorems in ordered metric spaces via w-distances,0.0,0.0093117529845743,0.0,0.0,0.2905205517226803
"E:\GITHUB\topic analysis with NMF\Data_Abstract\Springer Database\Fixed Point Theory and Applications\14December 2012, Issue 1\paper14.txt",Common fixed point theorems for expansion mappings in various abstract spaces using the concept of weak reciprocal continuity,0.2301097245572777,0.008402458183288178,0.0,0.0,0.11681751638010444
"E:\GITHUB\topic analysis with NMF\Data_Abstract\Springer Database\Fixed Point Theory and Applications\14December 2012, Issue 1\paper15.txt",On,0.07344909786750074,0.05160416324634927,0.0,0.0,0.23752174341088447
"E:\GITHUB\topic analysis with NMF\Data_Abstract\Springer Database\Fixed Point Theory and Applications\14December 2012, Issue 1\paper16.txt",The fixed set of a derivation in lattices,0.0,0.0,0.08467269847553698,0.025414085985962866,0.08660764083592348
"E:\GITHUB\topic analysis with NMF\Data_Abstract\Springer Database\Fixed Point Theory and Applications\14December 2012, Issue 1\paper17.txt",Cyclic generalized contractions and fixed point results with applications to an integral equation,0.0042195224040779454,0.2585742456745387,0.011824860884086798,0.11220686655532684,0.09405082650819437
"E:\GITHUB\topic analysis with NMF\Data_Abstract\Springer Database\Fixed Point Theory and Applications\14December 2012, Issue 1\paper18.txt",Strong convergence for total asymptotically pseudocontractive semigroups in Banach spaces,0.0,0.0878338072986292,0.12172902833489323,0.0,0.03921021086033327
"E:\GITHUB\topic analysis with NMF\Data_Abstract\Springer Database\Fixed Point Theory and Applications\14December 2012, Issue 1\paper19.txt",Fixed and coupled fixed points of a new type set-valued contractive mappings in complete metric spaces,0.019957081316420714,0.1568853456653427,0.0,0.0009405394845273863,0.19096016669528185
"E:\GITHUB\topic analysis with NMF\Data_Abstract\Springer Database\Fixed Point Theory and Applications\14December 2012, Issue 1\paper2.txt",On vector matrix game and symmetric dual vector optimization problem,0.0,0.0,0.022402262706320897,0.07807117137114085,0.08337300853417413
"E:\GITHUB\topic analysis with NMF\Data_Abstract\Springer Database\Fixed Point Theory and Applications\14December 2012, Issue 1\paper20.txt","An approximate solution to the fixed point problems for an infinite family of asymptotically strictly pseudocontractive mappings in the intermediate sense, cocoercive quasivariational inclusions problems and mixed equilibrium problems in Hilbert spaces",0.00045283807600747386,0.0,0.31929492517983066,0.006296630263315509,0.0
"E:\GITHUB\topic analysis with NMF\Data_Abstract\Springer Database\Fixed Point Theory and Applications\14December 2012, Issue 1\paper3.txt",Iterative algorithms for a system of generalized variational inequalities in Hilbert spaces,0.010703706663809383,0.001935780079725001,0.1030842042388236,0.09680671692500845,0.019852276486737902
"E:\GITHUB\topic analysis with NMF\Data_Abstract\Springer Database\Fixed Point Theory and Applications\14December 2012, Issue 1\paper4.txt",A best proximity point theorem for Geraghty-contractions,0.0,0.15716206877816424,0.0,0.04136396318454026,0.0
"E:\GITHUB\topic analysis with NMF\Data_Abstract\Springer Database\Fixed Point Theory and Applications\14December 2012, Issue 1\paper5.txt",Fixed point theorems for a semigroup of generalized asymptotically nonexpansive mappings in CAT(0) spaces,0.06912487535604363,0.1132374811014547,0.09543781489194349,0.0,0.0
"E:\GITHUB\topic analysis with NMF\Data_Abstract\Springer Database\Fixed Point Theory and Applications\14December 2012, Issue 1\paper6.txt",Common fixed point and coincidence point of generalized contractions in ordered metric spaces,0.07266984609803216,0.1923568606400101,8.279821518877351e-05,0.0,0.1117060802164962
"E:\GITHUB\topic analysis with NMF\Data_Abstract\Springer Database\Fixed Point Theory and Applications\14December 2012, Issue 1\paper7.txt",Coupled fixed point theorems for α-ψ-contractive type mappings in partially ordered metric spaces,0.0,0.03806269405888086,0.0013963032892835205,0.025414923659031346,0.2543868240766431
"E:\GITHUB\topic analysis with NMF\Data_Abstract\Springer Database\Fixed Point Theory and Applications\14December 2012, Issue 1\paper8.txt",Nonlinear cyclic weak contractions in G-metric spaces and applications to boundary value problems,0.0,0.11016940196941995,0.0,0.09100389991571735,0.10687061654191368
"E:\GITHUB\topic analysis with NMF\Data_Abstract\Springer Database\Fixed Point Theory and Applications\14December 2012, Issue 1\paper9.txt",Viscosity iteration methods for a split feasibility problem and a mixed equilibrium problem in a Hilbert space,0.12022545011539737,0.0,0.21120239759263215,0.0,0.0
"E:\GITHUB\topic analysis with NMF\Data_Abstract\Springer Database\Fixed Point Theory and Applications\15December 2013, Issue 1\paper1.txt",Mixed type iteration for total asymptotically nonexpansive mappings in hyperbolic spaces,0.0,0.13256051127264146,0.17288683779889477,0.0,0.018605642544026847
"E:\GITHUB\topic analysis with NMF\Data_Abstract\Springer Database\Fixed Point Theory and Applications\15December 2013, Issue 1\paper10.txt",A note on Caristi-type cyclic maps: related results and applications,0.005109094949402256,0.3224247788187182,0.0,0.0,0.0
"E:\GITHUB\topic analysis with NMF\Data_Abstract\Springer Database\Fixed Point Theory and Applications\15December 2013, Issue 1\paper11.txt",Convergence results for a common solution of a finite family of variational inequality problems for monotone mappings with Bregman distance function,0.0,0.048898470788019205,0.19167585934164177,0.04448838458533523,0.01534950792270552
"E:\GITHUB\topic analysis with NMF\Data_Abstract\Springer Database\Fixed Point Theory and Applications\15December 2013, Issue 1\paper12.txt",Existence theorems of an extension for generalized strong vector quasi-equilibrium problems,0.0,0.14175698489879648,0.02835814631536221,0.0549881804404061,0.07693729760378358
"E:\GITHUB\topic analysis with NMF\Data_Abstract\Springer Database\Fixed Point Theory and Applications\15December 2013, Issue 1\paper13.txt",A regularization algorithm for zero points of accretive operators,0.0,0.0,0.07303470776734734,0.05687060388713531,0.027087338343623518
"E:\GITHUB\topic analysis with NMF\Data_Abstract\Springer Database\Fixed Point Theory and Applications\15December 2013, Issue 1\paper14.txt",The fixed point property of Orlicz sequence spaces equipped with thep-Amemiya norm,0.11259231167465648,0.0,0.011142492122223022,0.006502373928502696,0.09181284355742445
"E:\GITHUB\topic analysis with NMF\Data_Abstract\Springer Database\Fixed Point Theory and Applications\15December 2013, Issue 1\paper15.txt",Foreword,0.0,0.0,0.0,0.2052347228389071,0.018483890642878566
"E:\GITHUB\topic analysis with NMF\Data_Abstract\Springer Database\Fixed Point Theory and Applications\15December 2013, Issue 1\paper16.txt",The Mann algorithm in a complete geodesic space with curvature bounded above,0.0,0.03577248816988478,0.1669435796588697,0.004075306727011153,0.10542237629789676
"E:\GITHUB\topic analysis with NMF\Data_Abstract\Springer Database\Fixed Point Theory and Applications\15December 2013, Issue 1\paper17.txt",Fixed points of mappings with a contractive iterate at a point in partial metric spaces,0.0,0.08126041505629843,0.0,0.0,0.3705311885710507
"E:\GITHUB\topic analysis with NMF\Data_Abstract\Springer Database\Fixed Point Theory and Applications\15December 2013, Issue 1\paper18.txt",Strong convergence of new iterative algorithms for certain classes of asymptotically pseudocontractions,0.0187509523985098,0.0,0.07205267531532505,0.0,0.004819230914240601
"E:\GITHUB\topic analysis with NMF\Data_Abstract\Springer Database\Fixed Point Theory and Applications\15December 2013, Issue 1\paper19.txt",Solutions for a variational inclusion problem with applications to multiple sets split feasibility problems,0.0,0.0,0.1553702288235441,0.077220923641251,0.0
"E:\GITHUB\topic analysis with NMF\Data_Abstract\Springer Database\Fixed Point Theory and Applications\15December 2013, Issue 1\paper2.txt",Convergence theorems on asymptotically demicontractive and hemicontractivemappings in the intermediate sense,0.0,0.16465885411358033,0.06035911666105532,0.0,0.0
"E:\GITHUB\topic analysis with NMF\Data_Abstract\Springer Database\Fixed Point Theory and Applications\15December 2013, Issue 1\paper20.txt",Strong convergence of Halpern iterations for quasi-nonexpansive mappings and accretive operators in Banach spaces,0.0,0.07441799469807563,0.21158944932260873,0.06675829240534088,0.05762839607837826
"E:\GITHUB\topic analysis with NMF\Data_Abstract\Springer Database\Fixed Point Theory and Applications\15December 2013, Issue 1\paper3.txt",Simple fixed point results for order-preserving self-maps and applications to nonlinear Markov operators,0.0,0.05164161988519475,0.006722865956246285,0.046117643517781276,0.16902556544616032
"E:\GITHUB\topic analysis with NMF\Data_Abstract\Springer Database\Fixed Point Theory and Applications\15December 2013, Issue 1\paper4.txt",Strong convergence theorems for the split variational inclusion problem in Hilbert spaces,0.0,0.02902450935249249,0.1732659105075241,0.04636962184553795,0.0
"E:\GITHUB\topic analysis with NMF\Data_Abstract\Springer Database\Fixed Point Theory and Applications\15December 2013, Issue 1\paper5.txt",Mann’s type extragradient for solving split feasibility and fixed point problems of Lipschitz asymptotically quasi-nonexpansive mappings,0.0,0.0,0.213224834176148,0.005818785071220472,0.024403354439223517
"E:\GITHUB\topic analysis with NMF\Data_Abstract\Springer Database\Fixed Point Theory and Applications\15December 2013, Issue 1\paper6.txt",Coupled fixed point theorems for mixed g-monotone mappings in partially ordered metric spaces,0.0,0.20144505308353314,0.0,0.0,0.11181543161612031
"E:\GITHUB\topic analysis with NMF\Data_Abstract\Springer Database\Fixed Point Theory and Applications\15December 2013, Issue 1\paper7.txt",A modified Mann iteration for zero points of accretive operators,0.0,0.0,0.12422761543764677,0.004859615240398431,0.03771244636971522
"E:\GITHUB\topic analysis with NMF\Data_Abstract\Springer Database\Fixed Point Theory and Applications\15December 2013, Issue 1\paper8.txt",A tripled fixed point theorem for semigroups of Lipschitzian mappings on metric spaces with uniform normal structure,0.0023804134963892123,0.0,0.007103573773657564,0.0,0.21389308928925993
"E:\GITHUB\topic analysis with NMF\Data_Abstract\Springer Database\Fixed Point Theory and Applications\15December 2013, Issue 1\paper9.txt",Fixed point theorems for a class of nonlinear operators in Hilbert spaces with lattice structure and application,0.0,0.020299553913587218,0.0,0.20751887452112075,0.07119682464278906
"E:\GITHUB\topic analysis with NMF\Data_Abstract\Springer Database\Fixed Point Theory and Applications\16December 2014, Issue 1\paper1.txt",Fixed points of multivalued contraction mappings in modular metric spaces,0.0,0.08246505655445024,0.003922077420555298,0.0,0.20551451597577794
"E:\GITHUB\topic analysis with NMF\Data_Abstract\Springer Database\Fixed Point Theory and Applications\16December 2014, Issue 1\paper10.txt",Modified Halpern-type iterative methods for relatively nonexpansive mappings and maximal monotone operators in Banach spaces,0.0011316940577582608,0.04955350264849365,0.21388988836359293,0.0,0.009297324496662006
"E:\GITHUB\topic analysis with NMF\Data_Abstract\Springer Database\Fixed Point Theory and Applications\16December 2014, Issue 1\paper11.txt","Monotone variational inequalities, generalized equilibrium problems and fixed point methods",0.0,0.0,0.1464505888704078,0.0858354583066646,0.06984250056703659
"E:\GITHUB\topic analysis with NMF\Data_Abstract\Springer Database\Fixed Point Theory and Applications\16December 2014, Issue 1\paper12.txt",An iterative algorithm for system of generalized equilibrium problems and fixed point problem,0.0,0.05542654638410023,0.24190538516600962,0.04999747305196076,0.006691132366727395
"E:\GITHUB\topic analysis with NMF\Data_Abstract\Springer Database\Fixed Point Theory and Applications\16December 2014, Issue 1\paper13.txt",On common α-fuzzy fixed points with applications,0.0,0.06152071503538345,0.03982160939873833,0.0,0.25793848063161623
"E:\GITHUB\topic analysis with NMF\Data_Abstract\Springer Database\Fixed Point Theory and Applications\16December 2014, Issue 1\paper14.txt",Strong convergence and stability of Picard iteration sequences for a general class of contractive-type mappings,0.00230148066698426,0.09291390970679575,0.030753522642566537,0.051103093706806865,0.08451953548828976
"E:\GITHUB\topic analysis with NMF\Data_Abstract\Springer Database\Fixed Point Theory and Applications\16December 2014, Issue 1\paper15.txt",Weak and strong convergence of hybrid subgradient method for pseudomonotone equilibrium problem and multivalued nonexpansive mappings,0.0,0.0,0.301575018514033,0.05945600130272639,0.0
"E:\GITHUB\topic analysis with NMF\Data_Abstract\Springer Database\Fixed Point Theory and Applications\16December 2014, Issue 1\paper16.txt",Strong convergence theorem for quasi-Bregman strictly pseudocontractive mappings and equilibrium problems in Banach spaces,0.007148274490132258,0.04898643922535555,0.3041417899804339,0.0,0.0
"E:\GITHUB\topic analysis with NMF\Data_Abstract\Springer Database\Fixed Point Theory and Applications\16December 2014, Issue 1\paper17.txt",Fixed point theorems for the functions having monotone property or comparable property in the product spaces,0.008048161715633861,0.0197592361459333,0.00975982348339245,0.09034646755384676,0.25306603376585607
"E:\GITHUB\topic analysis with NMF\Data_Abstract\Springer Database\Fixed Point Theory and Applications\16December 2014, Issue 1\paper18.txt",On the convergence of fixed points for Lipschitz type mappings in hyperbolic spaces,0.0,0.10088853276028001,0.06569909581610808,0.0,0.028229416269450122
"E:\GITHUB\topic analysis with NMF\Data_Abstract\Springer Database\Fixed Point Theory and Applications\16December 2014, Issue 1\paper19.txt",The existence and convergence of best proximity points for generalized proximal contraction mappings,0.0,0.20656440371111265,0.0,0.006680757825415756,0.05897668030996264
"E:\GITHUB\topic analysis with NMF\Data_Abstract\Springer Database\Fixed Point Theory and Applications\16December 2014, Issue 1\paper2.txt",Coincidence point theorems for weak graph preserving multi-valued mapping,0.012855753578522531,0.22721689049294727,0.0,0.0,0.1021208030937275
"E:\GITHUB\topic analysis with NMF\Data_Abstract\Springer Database\Fixed Point Theory and Applications\16December 2014, Issue 1\paper20.txt",Contraction mapping principle with generalized altering distance function in ordered metric spaces and applications to ordinary differential equations,0.003795446281786216,0.08381146093268428,0.00016965334672259527,0.1095334216697,0.22899830918424907
"E:\GITHUB\topic analysis with NMF\Data_Abstract\Springer Database\Fixed Point Theory and Applications\16December 2014, Issue 1\paper3.txt",Fixed points for mappings satisfying some multi-valued contractions with w-distance,0.0,0.24954004176629535,0.015751538269441662,0.0,0.08562012997417032
"E:\GITHUB\topic analysis with NMF\Data_Abstract\Springer Database\Fixed Point Theory and Applications\16December 2014, Issue 1\paper4.txt",Some remarks on ‘Multidimensional fixed point theorems for isotone mappings in partially ordered metric spaces’,0.0,0.08631625625183799,0.0,0.026651518041211672,0.14787091096885763
"E:\GITHUB\topic analysis with NMF\Data_Abstract\Springer Database\Fixed Point Theory and Applications\16December 2014, Issue 1\paper5.txt",Iterative methods for triple hierarchical variational inequalities and common fixed point problems,0.0021592704273502043,0.019500203235966886,0.25978168277721153,0.04373809472844021,0.0
"E:\GITHUB\topic analysis with NMF\Data_Abstract\Springer Database\Fixed Point Theory and Applications\16December 2014, Issue 1\paper6.txt",New generalized fuzzy metrics and fixed point theorem in fuzzy metric space,0.006349272533566601,0.00453303985314535,0.0,0.0,0.2656561191742461
"E:\GITHUB\topic analysis with NMF\Data_Abstract\Springer Database\Fixed Point Theory and Applications\16December 2014, Issue 1\paper7.txt",Remarks on Caristi’s fixed point theorem in metric spaces with a graph,0.0,0.0,0.0,0.0,0.269268231843546
"E:\GITHUB\topic analysis with NMF\Data_Abstract\Springer Database\Fixed Point Theory and Applications\16December 2014, Issue 1\paper8.txt","Hausdorff quasi-distances, periodic and fixed points for Nadler type set-valued contractions in quasi-gauge spaces",0.008971338928629918,0.15314902531318772,0.0,0.02434387393786951,0.11651578678172501
"E:\GITHUB\topic analysis with NMF\Data_Abstract\Springer Database\Fixed Point Theory and Applications\16December 2014, Issue 1\paper9.txt",An implicit method for finding a common fixed point of a representation of nonexpansive mappings in Banach spaces,0.0,0.0,0.29185946912489885,0.0,0.020771761336064433
"E:\GITHUB\topic analysis with NMF\Data_Abstract\Springer Database\Fixed Point Theory and Applications\17December 2015, Issue 1\paper1.txt",On best proximity points of upper semicontinuous multivalued mappings,0.004220678329891596,0.13814225428460958,0.03603633855706343,0.003436339541978044,0.011284894413792138
"E:\GITHUB\topic analysis with NMF\Data_Abstract\Springer Database\Fixed Point Theory and Applications\17December 2015, Issue 1\paper10.txt",Fixed point theorems in locally convex spaces and a nonlinear integral equation of mixed type,0.008198742232447024,0.09752268311845524,0.0,0.2361100240383861,0.07642429757669787
"E:\GITHUB\topic analysis with NMF\Data_Abstract\Springer Database\Fixed Point Theory and Applications\17December 2015, Issue 1\paper11.txt",Proximal point algorithms involving fixed points of nonexpansive mappings in \(\operatorname{CAT}(0)\) spaces,0.015448745813745852,0.043058613330980954,0.13252594009448776,0.0,0.11252624319248926
"E:\GITHUB\topic analysis with NMF\Data_Abstract\Springer Database\Fixed Point Theory and Applications\17December 2015, Issue 1\paper12.txt",On the construction of metrics from fuzzy metrics and its application to the fixed point theory of multivalued mappings,0.0,0.0,0.0,0.00024253770313751523,0.29711346776983205
"E:\GITHUB\topic analysis with NMF\Data_Abstract\Springer Database\Fixed Point Theory and Applications\17December 2015, Issue 1\paper13.txt","Rakotch type contractive maps, square roots and uniform convexity",0.00428367834216338,0.004107659363628129,0.01974172415015958,0.0341133056347118,0.18001132952123822
"E:\GITHUB\topic analysis with NMF\Data_Abstract\Springer Database\Fixed Point Theory and Applications\17December 2015, Issue 1\paper14.txt",Common coupled fixed point theorems for θ-ψ-contraction mappings endowed with a directed graph,0.0,0.23822622035489924,0.0,0.0065608084695578444,0.18204295173537674
"E:\GITHUB\topic analysis with NMF\Data_Abstract\Springer Database\Fixed Point Theory and Applications\17December 2015, Issue 1\paper15.txt",Strong convergence theorems for the split equality variational inclusion problem and fixed point problem in Hilbert spaces,0.006524265842989592,0.04657530498762567,0.17318478155142672,0.05157873993357947,0.0
"E:\GITHUB\topic analysis with NMF\Data_Abstract\Springer Database\Fixed Point Theory and Applications\17December 2015, Issue 1\paper16.txt",\(C^{\ast}\)-Algebra-valued b-metric spaces and related fixed point theorems,0.0006887653112550428,0.04244967090097949,0.0,0.1381422710787489,0.14358880383390196
"E:\GITHUB\topic analysis with NMF\Data_Abstract\Springer Database\Fixed Point Theory and Applications\17December 2015, Issue 1\paper17.txt",Fixed point theorems for set-valued mappings on TVS-cone metric spaces,0.0,0.0,0.0,0.0,0.3569574304766981
"E:\GITHUB\topic analysis with NMF\Data_Abstract\Springer Database\Fixed Point Theory and Applications\17December 2015, Issue 1\paper18.txt",Existence of solutions of first-order differential equations via a fixed point theorem for discontinuous operators,0.0,0.021964294950429473,0.0,0.22837167589832244,0.0
"E:\GITHUB\topic analysis with NMF\Data_Abstract\Springer Database\Fixed Point Theory and Applications\17December 2015, Issue 1\paper19.txt",A fixed point result and the stability problem in Lie superalgebras,0.02467572289250147,0.0,0.002717850190739777,0.22038793854335342,0.12162226537380166
"E:\GITHUB\topic analysis with NMF\Data_Abstract\Springer Database\Fixed Point Theory and Applications\17December 2015, Issue 1\paper2.txt",On stationary points of nonexpansive set-valued mappings,0.0,0.13432406395021856,0.025100808743881414,0.05996720671134388,0.019300827079570825
"E:\GITHUB\topic analysis with NMF\Data_Abstract\Springer Database\Fixed Point Theory and Applications\17December 2015, Issue 1\paper20.txt",New fixed point theorems on order intervals and their applications,0.0,0.06183327454525168,0.0,0.2757149150284719,0.0
"E:\GITHUB\topic analysis with NMF\Data_Abstract\Springer Database\Fixed Point Theory and Applications\17December 2015, Issue 1\paper3.txt",Strong convergence theorems for multivalued mappings in a geodesic space with curvature bounded above,0.0,0.22262741355199725,0.08195968677150428,0.0,0.0
"E:\GITHUB\topic analysis with NMF\Data_Abstract\Springer Database\Fixed Point Theory and Applications\17December 2015, Issue 1\paper4.txt",A comparative study on the convergence rate of some iteration methods involving contractive mappings,0.0,0.10967060629545597,0.041991252496475735,0.03339764792285979,0.0
"E:\GITHUB\topic analysis with NMF\Data_Abstract\Springer Database\Fixed Point Theory and Applications\17December 2015, Issue 1\paper5.txt",On ϕ-contractions in partially ordered fuzzy metric spaces,0.0,0.15118991485199093,0.0,0.0,0.2247225029002793
"E:\GITHUB\topic analysis with NMF\Data_Abstract\Springer Database\Fixed Point Theory and Applications\17December 2015, Issue 1\paper6.txt",Best proximity point results in partially ordered metric spaces via simulation functions,0.0069705214730143685,0.14067500728772814,0.0,0.044687939519375476,0.10110790997105294
"E:\GITHUB\topic analysis with NMF\Data_Abstract\Springer Database\Fixed Point Theory and Applications\17December 2015, Issue 1\paper7.txt",Coupled fixed point theorems for single-valued operators in b-metric spaces,0.0,0.0304206711424671,0.0,0.09138260134057072,0.17080735042913148
"E:\GITHUB\topic analysis with NMF\Data_Abstract\Springer Database\Fixed Point Theory and Applications\17December 2015, Issue 1\paper8.txt",About periodicity of impulsive evolution equations through fixed point theory,0.0,0.012980270855121673,0.014437875834259695,0.24024990789464395,0.05986162285572168
"E:\GITHUB\topic analysis with NMF\Data_Abstract\Springer Database\Fixed Point Theory and Applications\17December 2015, Issue 1\paper9.txt",On common fixed points in modular vector spaces,0.0,0.0,0.03775259568037755,0.052024282518618306,0.13812295587983286
"E:\GITHUB\topic analysis with NMF\Data_Abstract\Springer Database\Fixed Point Theory and Applications\18December 2016, Issue 1\paper1.txt",Strong and weak convergence theorems for split equality generalized mixed equilibrium problem,0.0012977517801834823,0.023294196460178836,0.1851002603622017,0.026446752996930337,0.0
"E:\GITHUB\topic analysis with NMF\Data_Abstract\Springer Database\Fixed Point Theory and Applications\18December 2016, Issue 1\paper10.txt",On multiplicative metric spaces: survey,0.0,0.24794756666276763,0.0,0.0,0.0921055172306798
"E:\GITHUB\topic analysis with NMF\Data_Abstract\Springer Database\Fixed Point Theory and Applications\18December 2016, Issue 1\paper11.txt",Discussion of several contractions by Jachymski’s approach,0.0,0.021349998597245533,0.0,0.056990363870055814,0.13883388610406341
"E:\GITHUB\topic analysis with NMF\Data_Abstract\Springer Database\Fixed Point Theory and Applications\18December 2016, Issue 1\paper12.txt",Fixed point theorems for generalized F-Suzuki-contraction mappings in complete b-metric spaces,0.021129612153844297,0.029104298770431386,0.0017794467429220944,0.0,0.23054785644794987
"E:\GITHUB\topic analysis with NMF\Data_Abstract\Springer Database\Fixed Point Theory and Applications\18December 2016, Issue 1\paper13.txt","M-Constants, Dominguez-Benavides coefficient, and weak fixed point property in Orlicz sequence spaces equipped with the p-Amemiya norm",0.0004692147964716267,0.022974843754474967,0.012372683613115679,0.02677262259408124,0.17514204291734523
"E:\GITHUB\topic analysis with NMF\Data_Abstract\Springer Database\Fixed Point Theory and Applications\18December 2016, Issue 1\paper14.txt",Leray-Schauder-type fixed point theorems in Banach algebras and application to quadratic integral equations,0.012686702574697699,0.2098918773359324,0.0,0.14714505596067567,0.041002130327084295
"E:\GITHUB\topic analysis with NMF\Data_Abstract\Springer Database\Fixed Point Theory and Applications\18December 2016, Issue 1\paper15.txt",Common fixed points of G-nonexpansive mappings on Banach spaces with a graph,0.0,0.008419932178650048,0.16435427063764424,0.0,0.07116534273790727
"E:\GITHUB\topic analysis with NMF\Data_Abstract\Springer Database\Fixed Point Theory and Applications\18December 2016, Issue 1\paper16.txt",Multilayer approach to minimax theorems,0.0020523011099483793,0.01987785667037908,0.005656639975368342,0.025404363836267926,0.15821280252365943
"E:\GITHUB\topic analysis with NMF\Data_Abstract\Springer Database\Fixed Point Theory and Applications\18December 2016, Issue 1\paper17.txt",Periodic and fixed points of the Leader-type contractions in quasi-triangular spaces,0.005357766947927295,0.05369934230775932,0.01578964634539448,0.0,0.16728954530721798
"E:\GITHUB\topic analysis with NMF\Data_Abstract\Springer Database\Fixed Point Theory and Applications\18December 2016, Issue 1\paper18.txt",Schwarz lemma involving the boundary fixed point,0.0021726787113671778,0.08735959356623006,0.0,0.08565568630764296,0.03476885613631344
"E:\GITHUB\topic analysis with NMF\Data_Abstract\Springer Database\Fixed Point Theory and Applications\18December 2016, Issue 1\paper19.txt",A new iterative scheme for numerical reckoning fixed points of total asymptotically nonexpansive mappings,0.008222049485292636,0.04687177980693126,0.16687201261581738,0.0,0.0
"E:\GITHUB\topic analysis with NMF\Data_Abstract\Springer Database\Fixed Point Theory and Applications\18December 2016, Issue 1\paper2.txt","Viscosity approximations methods for \((\psi,\varphi)\)-weakly contractive mappings",0.0,0.08995026484074327,0.07612209967231263,0.0,0.10192684239940739
"E:\GITHUB\topic analysis with NMF\Data_Abstract\Springer Database\Fixed Point Theory and Applications\18December 2016, Issue 1\paper20.txt",Fixed point theorems for a class of generalized nonexpansive mappings,0.052496559581712045,0.09712315774128542,0.0819039042812262,0.02001230249538094,0.1289078992603563
"E:\GITHUB\topic analysis with NMF\Data_Abstract\Springer Database\Fixed Point Theory and Applications\18December 2016, Issue 1\paper3.txt",Four mappings and generalized contractions,0.0,0.16944081705855457,0.03587392504017615,0.025627948749834657,0.1233583594122367
"E:\GITHUB\topic analysis with NMF\Data_Abstract\Springer Database\Fixed Point Theory and Applications\18December 2016, Issue 1\paper4.txt",Random fixed point theorems in partially ordered metric spaces,0.0,0.0,0.0,0.0,0.24908282271497098
"E:\GITHUB\topic analysis with NMF\Data_Abstract\Springer Database\Fixed Point Theory and Applications\18December 2016, Issue 1\paper5.txt","Approximation of zeros of bounded maximal monotone mappings, solutions of Hammerstein integral equations and convex minimization problems",0.021077000104513723,0.0,0.07958116385473943,0.09321999343960084,0.059030295709017584
"E:\GITHUB\topic analysis with NMF\Data_Abstract\Springer Database\Fixed Point Theory and Applications\18December 2016, Issue 1\paper6.txt",Functional type Caristi-Kirk theorem on two metric spaces and applications,0.0,0.023267798213943227,0.0,0.17318691357159458,0.2149258531546552
"E:\GITHUB\topic analysis with NMF\Data_Abstract\Springer Database\Fixed Point Theory and Applications\18December 2016, Issue 1\paper7.txt",Contributions to the fixed point theory of diagonal operators,0.0,0.01094935982792977,0.0,0.2548907540351743,0.05561994221260614
"E:\GITHUB\topic analysis with NMF\Data_Abstract\Springer Database\Fixed Point Theory and Applications\18December 2016, Issue 1\paper8.txt",The split common fixed point problem for asymptotically nonexpansive semigroups in Banach spaces,0.004855931363294525,0.12468273333210478,0.2073079400494414,0.0,0.011174481398965633
"E:\GITHUB\topic analysis with NMF\Data_Abstract\Springer Database\Fixed Point Theory and Applications\18December 2016, Issue 1\paper9.txt","System of generalized mixed equilibrium problems, variational inequality, and fixed point problems",0.0025755563932510837,0.040679657651271836,0.3415698865394676,0.0,0.001988572621712274
"E:\GITHUB\topic analysis with NMF\Data_Abstract\Springer Database\Fixed Point Theory and Applications\19December 2017, Issue 1\paper1.txt",Characterizations of contractive conditions by using convergent sequences,0.0,0.0005605555748039442,0.0223718758710413,0.10528242885517963,0.04052806361472574
"E:\GITHUB\topic analysis with NMF\Data_Abstract\Springer Database\Fixed Point Theory and Applications\19December 2017, Issue 1\paper10.txt","Relaxed iterative algorithms for a system of generalized mixed equilibrium problems and a countable family of totally quasi-Phi-asymptotically nonexpansive multi-valued maps, with applications",0.00285090253714102,0.017288350119988628,0.19185424360113,0.0,0.07267634869271913
"E:\GITHUB\topic analysis with NMF\Data_Abstract\Springer Database\Fixed Point Theory and Applications\19December 2017, Issue 1\paper11.txt",A note on Ćirić type nonunique fixed point theorems,0.0,0.2817883428277189,0.0,0.0,0.0
"E:\GITHUB\topic analysis with NMF\Data_Abstract\Springer Database\Fixed Point Theory and Applications\19December 2017, Issue 1\paper12.txt",Coincidence theory for compact morphisms,0.0,0.1552053481588051,0.0,0.00881814197279928,0.007208640202263967
"E:\GITHUB\topic analysis with NMF\Data_Abstract\Springer Database\Fixed Point Theory and Applications\19December 2017, Issue 1\paper13.txt",Nadler’s fixed point theorem in ν-generalized metric spaces,0.0,0.0,0.014179317657419772,0.0,0.3320583400113967
"E:\GITHUB\topic analysis with NMF\Data_Abstract\Springer Database\Fixed Point Theory and Applications\19December 2017, Issue 1\paper14.txt",Applications and common coupled fixed point results in ordered partial metric spaces,0.0,0.0,0.0,0.06154510584003298,0.3069363821684106
"E:\GITHUB\topic analysis with NMF\Data_Abstract\Springer Database\Fixed Point Theory and Applications\19December 2017, Issue 1\paper15.txt",Best proximity point theorems for generalized α-β-proximal quasi-contractive mappings,0.0,0.28802905490349084,0.0,0.0,0.0
"E:\GITHUB\topic analysis with NMF\Data_Abstract\Springer Database\Fixed Point Theory and Applications\19December 2017, Issue 1\paper16.txt",Some fixed point results for fuzzy homotopic mappings,0.0,0.11411013989147707,0.0,0.0,0.10266542355710866
"E:\GITHUB\topic analysis with NMF\Data_Abstract\Springer Database\Fixed Point Theory and Applications\19December 2017, Issue 1\paper17.txt",Rectangular cone b-metric spaces over Banach algebra and contraction principle,0.0,0.05223698871414216,0.0,0.04859910375999357,0.2071295208629752
"E:\GITHUB\topic analysis with NMF\Data_Abstract\Springer Database\Fixed Point Theory and Applications\19December 2017, Issue 1\paper18.txt",Fixed points of set-valued maps in locally complete spaces,0.004755914820970962,0.0301572628946012,0.007037523722101966,0.0376910948372321,0.08514711219531036
"E:\GITHUB\topic analysis with NMF\Data_Abstract\Springer Database\Fixed Point Theory and Applications\19December 2017, Issue 1\paper19.txt",Best proximity points for proximal contractive type mappings with C-class functions in S-metric spaces,0.0,0.3294495880806986,0.0,0.0,0.0
"E:\GITHUB\topic analysis with NMF\Data_Abstract\Springer Database\Fixed Point Theory and Applications\19December 2017, Issue 1\paper2.txt",Probabilistic b-metric spaces and nonlinear contractions,0.01930335069955838,0.08746783308339363,0.0,0.0178642495104677,0.14211741516523263
"E:\GITHUB\topic analysis with NMF\Data_Abstract\Springer Database\Fixed Point Theory and Applications\19December 2017, Issue 1\paper3.txt",On approximate solutions for a class of semilinear fractional-order differential equations in Banach spaces,0.002592026884782501,0.0,0.056474473530802774,0.20752993259099858,0.0
"E:\GITHUB\topic analysis with NMF\Data_Abstract\Springer Database\Fixed Point Theory and Applications\19December 2017, Issue 1\paper4.txt",Random semilinear system of differential equations with impulses,0.008131875707698586,0.09769993992021385,0.0,0.1880448992974427,0.06016645551739354
"E:\GITHUB\topic analysis with NMF\Data_Abstract\Springer Database\Fixed Point Theory and Applications\19December 2017, Issue 1\paper5.txt","Some generalizations for \((\alpha - \psi,\phi )\)-contractions in b-metric-like spaces and an application",0.023536308480700333,0.2517092945836518,0.013925759956294192,0.0005623507387973767,0.09324948283888596
"E:\GITHUB\topic analysis with NMF\Data_Abstract\Springer Database\Fixed Point Theory and Applications\19December 2017, Issue 1\paper6.txt",Hybrid steepest iterative algorithm for a hierarchical fixed point problem,0.0,0.023998367512777046,0.24476695729833126,0.09372323960274039,0.0
"E:\GITHUB\topic analysis with NMF\Data_Abstract\Springer Database\Fixed Point Theory and Applications\19December 2017, Issue 1\paper7.txt",Dislocated cone metric space over Banach algebra and α-quasi contraction mappings of Perov type,0.0,0.0,0.0,0.0,0.3168528411134817
"E:\GITHUB\topic analysis with NMF\Data_Abstract\Springer Database\Fixed Point Theory and Applications\19December 2017, Issue 1\paper8.txt",On some fixed point theorems in generalized metric spaces,0.011402064094433766,0.08117901028127765,0.0,0.0,0.30675440166349793
"E:\GITHUB\topic analysis with NMF\Data_Abstract\Springer Database\Fixed Point Theory and Applications\19December 2017, Issue 1\paper9.txt",Common best proximity point theorem for multivalued mappings in partially ordered metric spaces,0.0,0.20609513750370276,0.0,0.0,0.10577509048097712
"E:\GITHUB\topic analysis with NMF\Data_Abstract\Springer Database\Fixed Point Theory and Applications\1December 2004, Issue 1\paper1.txt",Fixed point theory on extension-type spaces and essential maps on topological spaces,0.022393282561079534,0.07575041581091356,0.0,0.0,0.1984087778611458
"E:\GITHUB\topic analysis with NMF\Data_Abstract\Springer Database\Fixed Point Theory and Applications\1December 2004, Issue 1\paper2.txt",Weak and strong convergence theorems for relatively nonexpansive mappings in Banach spaces,0.0,0.015833796718897078,0.21798285516592267,0.01519901901132372,0.06782753433410296
"E:\GITHUB\topic analysis with NMF\Data_Abstract\Springer Database\Fixed Point Theory and Applications\1December 2004, Issue 1\paper3.txt",On existence of equilibrium pair for constrained generalized games,0.0,0.08826257170255823,0.0,0.0326866478240066,0.04556265110372508
"E:\GITHUB\topic analysis with NMF\Data_Abstract\Springer Database\Fixed Point Theory and Applications\1December 2004, Issue 1\paper4.txt",A discrete fixed point theorem of Eilenberg as a particular case of the contraction principle,0.0,0.0,0.0,0.0,0.26651169443207395
"E:\GITHUB\topic analysis with NMF\Data_Abstract\Springer Database\Fixed Point Theory and Applications\1December 2004, Issue 1\paper5.txt",Two topological definitions of a Nielsen number for coincidences of noncompact maps,0.011549412886048523,0.018406608510836153,0.0,0.056443899986624545,0.011960511481023221
"E:\GITHUB\topic analysis with NMF\Data_Abstract\Springer Database\Fixed Point Theory and Applications\1December 2004, Issue 1\paper6.txt",The Lefschetz-Hopf theorem and axioms for the Lefschetz number,0.332924048378662,0.0,0.0,0.0,0.0
"E:\GITHUB\topic analysis with NMF\Data_Abstract\Springer Database\Fixed Point Theory and Applications\20December 2018, Issue 1\paper1.txt",Fixed point theorems in a new type of modular metric spaces,0.0007485153765333243,0.0030916497115750885,0.0,0.0,0.3275905411481625
"E:\GITHUB\topic analysis with NMF\Data_Abstract\Springer Database\Fixed Point Theory and Applications\20December 2018, Issue 1\paper10.txt",Convergence theorems of subgradient extragradient algorithm for solving variational inequalities and a convex feasibility problem,0.010155488639694751,0.0,0.17350062941689823,0.025155577206296034,0.06421174487552336
"E:\GITHUB\topic analysis with NMF\Data_Abstract\Springer Database\Fixed Point Theory and Applications\20December 2018, Issue 1\paper11.txt",Halpern–Ishikawa type iterative method for approximating fixed points of non-self pseudocontractive mappings,0.0,0.13706813315089877,0.1384268068435232,0.04699480905882106,0.014866083630688547
"E:\GITHUB\topic analysis with NMF\Data_Abstract\Springer Database\Fixed Point Theory and Applications\20December 2018, Issue 1\paper12.txt",The split common fixed point problem for infinite families of demicontractive mappings,0.0025271820466035376,0.0019492159360742745,0.19725844701733536,0.054393196110387634,0.008058556317245849
"E:\GITHUB\topic analysis with NMF\Data_Abstract\Springer Database\Fixed Point Theory and Applications\20December 2018, Issue 1\paper13.txt",Fixed point theorems for a class of generalized weak cyclic compatible contractions,0.0,0.225725383363082,0.0,0.0,0.0893701980181319
"E:\GITHUB\topic analysis with NMF\Data_Abstract\Springer Database\Fixed Point Theory and Applications\20December 2018, Issue 1\paper14.txt",Infinitely split Nash equilibrium problems in repeated games,0.0,0.01994439939586809,0.048637531794534714,0.037951263529727136,0.159975926248096
"E:\GITHUB\topic analysis with NMF\Data_Abstract\Springer Database\Fixed Point Theory and Applications\20December 2018, Issue 1\paper15.txt",Some convergence results using K iteration process in \(\mathit{CAT}(0)\) spaces,0.0,0.1582219956200664,0.08188730108949287,0.0,0.049877969804583575
"E:\GITHUB\topic analysis with NMF\Data_Abstract\Springer Database\Fixed Point Theory and Applications\20December 2018, Issue 1\paper16.txt","Axiom of Infinite Choice, transversal ordered spring spaces and fixed points",0.0,0.08230677924790179,0.0,0.03240417390651292,0.18568632999345108
"E:\GITHUB\topic analysis with NMF\Data_Abstract\Springer Database\Fixed Point Theory and Applications\20December 2018, Issue 1\paper17.txt",Inertial algorithm for approximating a common fixed point for a countable family of relatively nonexpansive maps,0.0008602581216003087,0.0,0.15423604283292655,0.0,0.14880116371218666
"E:\GITHUB\topic analysis with NMF\Data_Abstract\Springer Database\Fixed Point Theory and Applications\20December 2018, Issue 1\paper18.txt",Iterative approximation of common attractive points of further generalized hybrid mappings,0.0,0.1004405126424753,0.1412684960914231,0.0,0.07934598423657839
"E:\GITHUB\topic analysis with NMF\Data_Abstract\Springer Database\Fixed Point Theory and Applications\20December 2018, Issue 1\paper19.txt",Fixed points of fuzzy neutrosophic soft mapping with decision-making,0.0,0.011624982497036248,0.08284436614451271,0.00632056922279019,0.07474535931838715
"E:\GITHUB\topic analysis with NMF\Data_Abstract\Springer Database\Fixed Point Theory and Applications\20December 2018, Issue 1\paper2.txt",Application of the Brouwer and the Kakutani fixed-point theorems to a discrete equation with a double singular structure,0.0024012071792634936,0.0,0.0,0.21073245398586132,0.0
"E:\GITHUB\topic analysis with NMF\Data_Abstract\Springer Database\Fixed Point Theory and Applications\20December 2018, Issue 1\paper20.txt",On solving the split generalized equilibrium problem and the fixed point problem for a countable family of nonexpansive multivalued mappings,0.0,0.09190557787982263,0.25083393384358965,0.015103026319643512,0.017400551950864273
"E:\GITHUB\topic analysis with NMF\Data_Abstract\Springer Database\Fixed Point Theory and Applications\20December 2018, Issue 1\paper3.txt",On modeling and complete solutions to general fixpoint problems in multi-scale systems with applications,0.0,0.0,0.04611349587233456,0.19367344676319578,0.07431570994315864
"E:\GITHUB\topic analysis with NMF\Data_Abstract\Springer Database\Fixed Point Theory and Applications\20December 2018, Issue 1\paper4.txt","\(F(\psi,\varphi)\)-Contractions for α-admissible mappings on M-metric spaces",0.0,0.35326136932186886,0.0,0.0,0.0
"E:\GITHUB\topic analysis with NMF\Data_Abstract\Springer Database\Fixed Point Theory and Applications\20December 2018, Issue 1\paper5.txt",Caristi type cyclic contraction and common fixed point theorems in bipolar metric spaces with applications,0.0075977289051375445,0.026502842090143017,0.0,0.145582106381879,0.16177115025132707
"E:\GITHUB\topic analysis with NMF\Data_Abstract\Springer Database\Fixed Point Theory and Applications\20December 2018, Issue 1\paper6.txt",Boundary value problems for singular second order equations,0.0,0.050489984256201104,0.039327570774009904,0.2295972212325935,0.0
"E:\GITHUB\topic analysis with NMF\Data_Abstract\Springer Database\Fixed Point Theory and Applications\20December 2018, Issue 1\paper7.txt",Some results on fixed point theory for a class of generalized nonexpansive mappings,0.011686002546545346,0.12953370373004822,0.07077706197027822,0.0340761529916872,0.08759502519078258
"E:\GITHUB\topic analysis with NMF\Data_Abstract\Springer Database\Fixed Point Theory and Applications\20December 2018, Issue 1\paper8.txt",Best proximity point results for Hardy–Rogers p-proximal cyclic contraction in uniform spaces,0.006892906031157017,0.30094642226289253,0.0,0.0,0.0
"E:\GITHUB\topic analysis with NMF\Data_Abstract\Springer Database\Fixed Point Theory and Applications\20December 2018, Issue 1\paper9.txt",Common fixed point theorems for a finite family of multivalued mappings in an ordered Banach space,0.0,0.24524093361256494,0.039636465609562924,0.014464808841683236,0.11740830480005798
"E:\GITHUB\topic analysis with NMF\Data_Abstract\Springer Database\Fixed Point Theory and Applications\21December 2019, Issue 1\paper1.txt",Generalization of best proximity points theorem for non-self proximal contractions of first kind,0.025522541725595514,0.17724599428731064,0.014902936331990193,0.05038177619321099,0.05422114971758317
"E:\GITHUB\topic analysis with NMF\Data_Abstract\Springer Database\Fixed Point Theory and Applications\21December 2019, Issue 1\paper2.txt",Observations on relation-theoretic coincidence theorems under Boyd–Wong type nonlinear contractions,0.0018751455010230847,0.09055331238383177,0.0,0.029199577801341997,0.09037191770967994
"E:\GITHUB\topic analysis with NMF\Data_Abstract\Springer Database\Fixed Point Theory and Applications\21December 2019, Issue 1\paper3.txt",The Maslov index and the spectral flow—revisited,0.0,0.0,0.0,0.043266825698051174,0.0760275761027393
"E:\GITHUB\topic analysis with NMF\Data_Abstract\Springer Database\Fixed Point Theory and Applications\21December 2019, Issue 1\paper4.txt",An inertial S-iteration process,0.02236675367738617,0.02158703148198721,0.20264160028865574,0.010744580831565159,0.04519245959422029
"E:\GITHUB\topic analysis with NMF\Data_Abstract\Springer Database\Fixed Point Theory and Applications\21December 2019, Issue 1\paper5.txt",Iterative approximation of attractive points of further generalized hybrid mappings in Hadamard spaces,0.0,0.15565533400674084,0.11686180631083602,0.0,0.0707547445008164
"E:\GITHUB\topic analysis with NMF\Data_Abstract\Springer Database\Fixed Point Theory and Applications\21December 2019, Issue 1\paper6.txt",Existence and approximation of solutions to nonlocal boundary value problems for fractional differential inclusions,0.004018442995130607,0.011418770202420613,0.03220619052761001,0.16075001888234222,0.05418428493463504
"E:\GITHUB\topic analysis with NMF\Data_Abstract\Springer Database\Fixed Point Theory and Applications\21December 2019, Issue 1\paper7.txt",Bernstein-type theorem for ϕ-Laplacian,0.0026866550210311218,0.0,0.02463615539507659,0.15862990404241614,0.0
"E:\GITHUB\topic analysis with NMF\Data_Abstract\Springer Database\Fixed Point Theory and Applications\2December 2004, Issue 2\paper1.txt",Coincidence theory for spaces which fiber over a nilmanifold,0.3305495933099578,0.0,0.0,0.0,0.0
"E:\GITHUB\topic analysis with NMF\Data_Abstract\Springer Database\Fixed Point Theory and Applications\2December 2004, Issue 2\paper2.txt",New versions of the Fan-Browder fixed point theorem and existence of economic equilibria,0.0,0.07125682124370633,0.06513511658944089,0.06688054933226666,0.06059508635307532
"E:\GITHUB\topic analysis with NMF\Data_Abstract\Springer Database\Fixed Point Theory and Applications\2December 2004, Issue 2\paper3.txt",Picard iteration converges faster than Mann iteration for a class of quasi-contractive operators,0.0,0.0523440461715719,0.021801960359460963,0.10691062719354501,0.03935559419863767
"E:\GITHUB\topic analysis with NMF\Data_Abstract\Springer Database\Fixed Point Theory and Applications\2December 2004, Issue 2\paper4.txt",Multivalued  Open image in new window -Lienard systems,0.17292784028522612,0.010154135135672242,0.0,0.11458399139035445,0.038102738561063054
"E:\GITHUB\topic analysis with NMF\Data_Abstract\Springer Database\Fixed Point Theory and Applications\2December 2004, Issue 2\paper5.txt",Fixed points of condensing multivalued maps in topological vector spaces,0.011280663618966376,0.0,0.0173751012210182,0.010882366657258476,0.19311030936388315
"E:\GITHUB\topic analysis with NMF\Data_Abstract\Springer Database\Fixed Point Theory and Applications\2December 2004, Issue 2\paper6.txt",Quadratic optimization of fixed points for a family of nonexpansive mappings in Hilbert space,0.0,0.0,0.11734970294563925,0.13246650620654474,0.07316685682732858
"E:\GITHUB\topic analysis with NMF\Data_Abstract\Springer Database\Fixed Point Theory and Applications\2December 2004, Issue 2\paper7.txt",Common fixed points of a finite family of asymptotically pseudocontractive maps,0.0,0.003948942601274969,0.19807432878866746,0.0,0.0679106913715344
"E:\GITHUB\topic analysis with NMF\Data_Abstract\Springer Database\Fixed Point Theory and Applications\2December 2004, Issue 2\paper8.txt","Fixed points, periodic points, and coin-tossing sequences for mappings defined on two-dimensional cells",0.0006965401381697022,0.09422690586024669,0.011577421252990256,0.08670268198733894,0.1066381165770245
"E:\GITHUB\topic analysis with NMF\Data_Abstract\Springer Database\Fixed Point Theory and Applications\3December 2004, Issue 3\paper1.txt",Existence of zeros for operators taking their values in the dual of a Banach space,0.006090205298883009,0.025800684449038706,0.016967876090272338,0.08042206075612351,0.0572612761200466
"E:\GITHUB\topic analysis with NMF\Data_Abstract\Springer Database\Fixed Point Theory and Applications\3December 2004, Issue 3\paper2.txt",Fixed-point-like theorems on subspaces,0.0,0.0,0.03638206327858549,0.0,0.15817854912387425
"E:\GITHUB\topic analysis with NMF\Data_Abstract\Springer Database\Fixed Point Theory and Applications\3December 2004, Issue 3\paper3.txt",The aftermath of the intermediate value theorem,0.0,0.018517302941756904,0.0,0.13042798359359853,0.02759967275164108
"E:\GITHUB\topic analysis with NMF\Data_Abstract\Springer Database\Fixed Point Theory and Applications\3December 2004, Issue 3\paper4.txt",Generic convergence of iterates for a class of nonlinear mappings,0.23522241769965319,0.0,0.042849075337008595,0.0,0.031981487636681016
"E:\GITHUB\topic analysis with NMF\Data_Abstract\Springer Database\Fixed Point Theory and Applications\3December 2004, Issue 3\paper5.txt",Several fixed point theorems concerning  Open image in new window -distance,0.1882563560666556,0.001344550329818784,0.0,0.016555982071845023,0.13382022655773837
"E:\GITHUB\topic analysis with NMF\Data_Abstract\Springer Database\Fixed Point Theory and Applications\3December 2004, Issue 3\paper6.txt",Continuation theory for general contractions in gauge spaces,0.0002920301613179099,0.07247291334709147,0.0,0.03294539529721168,0.045844860518115885
"E:\GITHUB\topic analysis with NMF\Data_Abstract\Springer Database\Fixed Point Theory and Applications\3December 2004, Issue 3\paper7.txt",Fixed points and coincidence points for multimaps with not necessarily bounded images,0.0,0.0709939253436857,0.0,0.0,0.229224137352652
"E:\GITHUB\topic analysis with NMF\Data_Abstract\Springer Database\Fixed Point Theory and Applications\4December 2004, Issue 4\paper1.txt",On the study of a class of variational inequalities via Leray-Schauder degree,0.0,0.05092220788563098,0.003993515888873415,0.1262895313330277,0.0
"E:\GITHUB\topic analysis with NMF\Data_Abstract\Springer Database\Fixed Point Theory and Applications\4December 2004, Issue 4\paper2.txt",Fixed point theorems in  Open image in new window  spaces and  Open image in new window -trees,0.33134940696323406,0.0,0.0,0.0,0.024563059515368718
"E:\GITHUB\topic analysis with NMF\Data_Abstract\Springer Database\Fixed Point Theory and Applications\4December 2004, Issue 4\paper3.txt",On some Banach space constants arising in nonlinear fixed point and eigenvalue theory,0.007187275271265551,0.050122573756476684,0.0,0.042595643864929124,0.06924407538670943
"E:\GITHUB\topic analysis with NMF\Data_Abstract\Springer Database\Fixed Point Theory and Applications\4December 2004, Issue 4\paper4.txt",Roots of mappings from manifolds,0.30695862980692346,0.0,0.0,0.0,0.0
"E:\GITHUB\topic analysis with NMF\Data_Abstract\Springer Database\Fixed Point Theory and Applications\4December 2004, Issue 4\paper5.txt",On the uniqueness of the fixed point index on differentiable manifolds,0.0024611439695654395,0.03230042129109491,0.0,0.04819677285015895,0.10998535596807926
"E:\GITHUB\topic analysis with NMF\Data_Abstract\Springer Database\Fixed Point Theory and Applications\5December 2005, Issue 1\paper1.txt",Approximating zero points of accretive operators with compact domains in general Banach spaces,0.0,0.05214647454141855,0.11937250573134,0.035654643312760914,0.056930102285522755
"E:\GITHUB\topic analysis with NMF\Data_Abstract\Springer Database\Fixed Point Theory and Applications\5December 2005, Issue 1\paper2.txt","Invariant approximations, generalized  Open image in new window -contractions, and  Open image in new window -subweakly commuting maps",0.12657897013833677,0.06996122694566344,0.008618698294871113,0.018392174435107603,0.102531740649403
"E:\GITHUB\topic analysis with NMF\Data_Abstract\Springer Database\Fixed Point Theory and Applications\5December 2005, Issue 1\paper3.txt",A Leray-Schauder alternative for weakly-strongly sequentially continuous weakly compact maps,0.02020332815619719,0.011140106313337688,0.0,0.180313091739074,0.0026188960735689677
"E:\GITHUB\topic analysis with NMF\Data_Abstract\Springer Database\Fixed Point Theory and Applications\5December 2005, Issue 1\paper4.txt",Strong convergence theorems for infinite families of nonexpansive mappings in general Banach spaces,0.0,0.0032187357485449594,0.1605147802996984,0.0,0.04905247056606774
"E:\GITHUB\topic analysis with NMF\Data_Abstract\Springer Database\Fixed Point Theory and Applications\5December 2005, Issue 1\paper5.txt",A fixed point theorem for analytic functions,0.2259331281130315,0.015366858156277063,0.0,0.007730763903713616,0.04890557733920082
"E:\GITHUB\topic analysis with NMF\Data_Abstract\Springer Database\Fixed Point Theory and Applications\5December 2005, Issue 1\paper6.txt",Convergence theorems for fixed points of demicontinuous pseudocontractive mappings,0.3327898158174506,0.0,0.0029507087752442917,0.0,0.0
"E:\GITHUB\topic analysis with NMF\Data_Abstract\Springer Database\Fixed Point Theory and Applications\5December 2005, Issue 1\paper7.txt",Regularization of nonlinear Ill-posed equations with accretive operators,0.0,0.0,0.0468761427122927,0.22490963097175007,0.03138183030033202
"E:\GITHUB\topic analysis with NMF\Data_Abstract\Springer Database\Fixed Point Theory and Applications\5December 2005, Issue 1\paper8.txt","Fixed points, stability, and harmless perturbations",0.011898296011320392,0.0,0.0,0.207812773997067,0.011839405387297877
"E:\GITHUB\topic analysis with NMF\Data_Abstract\Springer Database\Fixed Point Theory and Applications\5December 2005, Issue 1\paper9.txt",Higher-order Nielsen numbers,0.33100407272389415,0.0,0.0,0.0,0.0
"E:\GITHUB\topic analysis with NMF\Data_Abstract\Springer Database\Fixed Point Theory and Applications\6December 2005, Issue 2\paper1.txt",A degree theory for a class of perturbed Fredholm maps,0.05735139835519464,0.007349027513273968,0.0,0.05278303660556995,0.0419492292336416
"E:\GITHUB\topic analysis with NMF\Data_Abstract\Springer Database\Fixed Point Theory and Applications\6December 2005, Issue 2\paper2.txt",Positive solutions of some three-point boundary value problems via fixed point index for weakly inward  Open image in new window -proper maps,0.10711625537570924,0.0052345838323171485,0.0,0.13875265016222407,0.04859497034404996
"E:\GITHUB\topic analysis with NMF\Data_Abstract\Springer Database\Fixed Point Theory and Applications\6December 2005, Issue 2\paper3.txt",A note on well-posed null and fixed point problems,0.0036588433115825017,0.0327388164368232,0.032539854079786115,0.0402657387198616,0.11780518874149662
"E:\GITHUB\topic analysis with NMF\Data_Abstract\Springer Database\Fixed Point Theory and Applications\6December 2005, Issue 2\paper4.txt",Asymptotic fixed points for nonlinear contractions,0.0,0.013066907237715848,0.0,0.05907722417023615,0.13461892949907342
"E:\GITHUB\topic analysis with NMF\Data_Abstract\Springer Database\Fixed Point Theory and Applications\6December 2005, Issue 2\paper5.txt",Convergence theorems for a common fixed point of a finite family of nonself nonexpansive mappings,0.30259142931111493,0.0,0.06472248023035153,0.0,0.021000951938861232
"E:\GITHUB\topic analysis with NMF\Data_Abstract\Springer Database\Fixed Point Theory and Applications\6December 2005, Issue 2\paper6.txt",Fixed points of multimaps which are not necessarily nonexpansive,0.32866589845359295,0.010136053250811586,0.0049914484143856585,0.0,0.0058096065841699565
"E:\GITHUB\topic analysis with NMF\Data_Abstract\Springer Database\Fixed Point Theory and Applications\6December 2005, Issue 2\paper7.txt",Nielsen number and differential equations,0.0780403436881306,0.0,0.014789105626327294,0.23202865815132379,0.0
"E:\GITHUB\topic analysis with NMF\Data_Abstract\Springer Database\Fixed Point Theory and Applications\6December 2005, Issue 2\paper8.txt",Existence of solutions for equations involving iterated functional series,0.0,0.11107376132946989,0.0,0.26215652541919093,0.0
"E:\GITHUB\topic analysis with NMF\Data_Abstract\Springer Database\Fixed Point Theory and Applications\6December 2005, Issue 2\paper9.txt",Iterative schemes with some control conditions for a family of finite nonexpansive mappings in Banach spaces,0.0,0.10391427364282224,0.1096696404529557,0.0,0.03513920143269428
"E:\GITHUB\topic analysis with NMF\Data_Abstract\Springer Database\Fixed Point Theory and Applications\7December 2005, Issue 3\paper1.txt",Fixed point results and their applications to Markov processes,0.0060179192205441516,0.13269781781508133,0.013341393388368091,0.05668096734631001,0.029728764393092574
"E:\GITHUB\topic analysis with NMF\Data_Abstract\Springer Database\Fixed Point Theory and Applications\7December 2005, Issue 3\paper10.txt",A contraction theorem in fuzzy metric spaces,0.0,0.0,0.0,0.015067130585113244,0.25022703143541336
"E:\GITHUB\topic analysis with NMF\Data_Abstract\Springer Database\Fixed Point Theory and Applications\7December 2005, Issue 3\paper11.txt",An approximation of solutions of variational inequalities,0.002030389712341844,0.0,0.08535794080240697,0.06576688200622624,0.037154841800804375
"E:\GITHUB\topic analysis with NMF\Data_Abstract\Springer Database\Fixed Point Theory and Applications\7December 2005, Issue 3\paper12.txt",On generalized vector quasivariational-like inequality problems,0.0038586205885530927,0.18908123017516562,0.025421085571899985,0.05615192061404374,0.030572543074694633
"E:\GITHUB\topic analysis with NMF\Data_Abstract\Springer Database\Fixed Point Theory and Applications\7December 2005, Issue 3\paper2.txt",Quasicontraction nonself-mappings on convex metric spaces and common fixed point theorems,0.0,0.055536802868319725,0.030656390768089795,0.0,0.2435972499816103
"E:\GITHUB\topic analysis with NMF\Data_Abstract\Springer Database\Fixed Point Theory and Applications\7December 2005, Issue 3\paper3.txt",Weak and strong convergence theorems for nonexpansive semigroups in Banach spaces,0.0013105689971174618,0.0,0.1849879047263698,0.0,0.017393131217780362
"E:\GITHUB\topic analysis with NMF\Data_Abstract\Springer Database\Fixed Point Theory and Applications\7December 2005, Issue 3\paper4.txt",An explicit construction of sunny nonexpansive retractions in Banach spaces,0.0,0.0,0.1805117834670315,0.0,0.07005341324583425
"E:\GITHUB\topic analysis with NMF\Data_Abstract\Springer Database\Fixed Point Theory and Applications\7December 2005, Issue 3\paper5.txt",Common fixed point theorems for compatible self-maps of Hausdorff topological spaces,0.2887025559798102,0.006255037071843597,0.0,0.0,0.11982258882498656
"E:\GITHUB\topic analysis with NMF\Data_Abstract\Springer Database\Fixed Point Theory and Applications\7December 2005, Issue 3\paper6.txt",Existence of fixed points on compact epilipschitz sets without invariance conditions,0.27880563280859516,0.0328449153833755,0.007194772026688513,0.036931208722811776,0.0006885571414934026
"E:\GITHUB\topic analysis with NMF\Data_Abstract\Springer Database\Fixed Point Theory and Applications\7December 2005, Issue 3\paper7.txt",Existence of extremal solutions for quadratic fuzzy equations,0.23464449038676888,0.07928661886673212,0.0,0.11081281688667079,0.025151275108922854
"E:\GITHUB\topic analysis with NMF\Data_Abstract\Springer Database\Fixed Point Theory and Applications\7December 2005, Issue 3\paper8.txt",Fixed point theorems for a family of hybrid pairs of mappings in metrically convex spaces,0.0,0.14678173606201073,0.016305668261589776,0.0,0.1055871390371433
"E:\GITHUB\topic analysis with NMF\Data_Abstract\Springer Database\Fixed Point Theory and Applications\7December 2005, Issue 3\paper9.txt","Transfer positive hemicontinuity and zeros, coincidences, and fixed points of maps in topological vector spaces",0.2032163409689673,0.04834109375542751,0.0,0.028961207335742624,0.003214674092864853
"E:\GITHUB\topic analysis with NMF\Data_Abstract\Springer Database\Fixed Point Theory and Applications\8December 2006, Issue 1\paper1.txt",On the orbits of  Open image in new window -closure points of ultimately nonexpansive mappings,0.3168793650335896,0.0,0.006423557335417456,0.0,0.0007088175844062624
"E:\GITHUB\topic analysis with NMF\Data_Abstract\Springer Database\Fixed Point Theory and Applications\8December 2006, Issue 1\paper10.txt",A new composite implicit iterative process for a finite family of nonexpansive mappings in Banach spaces,0.0,0.16161516145948832,0.19444897834781205,0.0,0.0
"E:\GITHUB\topic analysis with NMF\Data_Abstract\Springer Database\Fixed Point Theory and Applications\8December 2006, Issue 1\paper11.txt",Nonexpansive mappings defined on unbounded domains,0.0,0.0,0.04866457393005987,0.0,0.15984490634135923
"E:\GITHUB\topic analysis with NMF\Data_Abstract\Springer Database\Fixed Point Theory and Applications\8December 2006, Issue 1\paper12.txt",Weak and strong convergence of finite family with errors of nonexpansive nonself-mappings,0.0,0.06750992987233022,0.2371263396601593,0.0,0.0
"E:\GITHUB\topic analysis with NMF\Data_Abstract\Springer Database\Fixed Point Theory and Applications\8December 2006, Issue 1\paper13.txt",Viscosity approximation fixed points for nonexpansive and  Open image in new window -accretive operators,0.3302920763731402,0.0,0.014927309038638968,0.0,0.0
"E:\GITHUB\topic analysis with NMF\Data_Abstract\Springer Database\Fixed Point Theory and Applications\8December 2006, Issue 1\paper14.txt",Algebraic periods of self-maps of a rational exterior space of rank 2,0.0,0.0,0.06014251934487472,0.0,0.08542567892510927
"E:\GITHUB\topic analysis with NMF\Data_Abstract\Springer Database\Fixed Point Theory and Applications\8December 2006, Issue 1\paper15.txt",Diametrically contractive maps and fixed points,0.033546041290936836,0.060221888453431516,0.025275985006916715,0.02904833853662049,0.063755019585262
"E:\GITHUB\topic analysis with NMF\Data_Abstract\Springer Database\Fixed Point Theory and Applications\8December 2006, Issue 1\paper16.txt",Hyperbolic monotonicity in the Hilbert ball,0.16221081375585586,0.0,0.06514444561674948,0.015299028467343262,0.012029818447769656
"E:\GITHUB\topic analysis with NMF\Data_Abstract\Springer Database\Fixed Point Theory and Applications\8December 2006, Issue 1\paper17.txt",Wecken type problems for self-maps of the Klein bottle,0.3060993345702054,0.029717162175690804,0.0,0.0,0.0
"E:\GITHUB\topic analysis with NMF\Data_Abstract\Springer Database\Fixed Point Theory and Applications\8December 2006, Issue 1\paper18.txt",Coincidence point and invariant approximation for mappings satisfying generalized weak contractive condition,0.0,0.2574033495473202,0.0,0.010147046645427309,0.044472317896222587
"E:\GITHUB\topic analysis with NMF\Data_Abstract\Springer Database\Fixed Point Theory and Applications\8December 2006, Issue 1\paper2.txt",Strong convergence theorems for asymptotically nonexpansive mappings and asymptotically nonexpansive semigroups,0.0,0.06142883136544577,0.18427061184576032,0.0,0.0
"E:\GITHUB\topic analysis with NMF\Data_Abstract\Springer Database\Fixed Point Theory and Applications\8December 2006, Issue 1\paper20.txt",Coincidence and fixed point theorems for functions in  Open image in new window -KKM class on generalized convex spaces,0.1872829021164734,0.012175139479932998,0.0,0.017593838037909613,0.13085845420224554
"E:\GITHUB\topic analysis with NMF\Data_Abstract\Springer Database\Fixed Point Theory and Applications\8December 2006, Issue 1\paper3.txt",Convergence and stability of a three-step iterative algorithm for a general quasi-variational inequality problem,0.0,0.075489290288988,0.10938649677861985,0.13185974648083668,0.0
"E:\GITHUB\topic analysis with NMF\Data_Abstract\Springer Database\Fixed Point Theory and Applications\8December 2006, Issue 1\paper4.txt",Towards viscosity approximations of hierarchical fixed-point problems,0.23174364870021874,0.0,0.07827830536837145,0.04132023159008873,0.0
"E:\GITHUB\topic analysis with NMF\Data_Abstract\Springer Database\Fixed Point Theory and Applications\8December 2006, Issue 1\paper5.txt",A fixed point theorem for a class of differentiable stable operators in banach spaces,0.0,0.021990356361364805,0.0,0.2100616730715068,0.05636853853858855
"E:\GITHUB\topic analysis with NMF\Data_Abstract\Springer Database\Fixed Point Theory and Applications\8December 2006, Issue 1\paper6.txt",On almost coincidence points in generalized convex spaces,0.0005126856921528672,0.20119223430018743,0.004072231623119594,0.0,0.1264600371202632
"E:\GITHUB\topic analysis with NMF\Data_Abstract\Springer Database\Fixed Point Theory and Applications\8December 2006, Issue 1\paper7.txt",Strong convergence to common fixed points of nonexpansive mappings without commutativity assumption,0.0,0.0,0.21481200811137216,0.0,0.029059463117717756
"E:\GITHUB\topic analysis with NMF\Data_Abstract\Springer Database\Fixed Point Theory and Applications\8December 2006, Issue 1\paper8.txt",Fixed point indices and manifolds with collars,0.31532994175509954,0.008929428934058955,0.0,0.0017478544396044022,0.004787184996085134
"E:\GITHUB\topic analysis with NMF\Data_Abstract\Springer Database\Fixed Point Theory and Applications\8December 2006, Issue 1\paper9.txt",Geometric and homotopy theoretic methods in Nielsen coincidence theory,0.24600834616699954,0.0360105123162622,0.0,0.009650494952179628,0.023104902668866518
"E:\GITHUB\topic analysis with NMF\Data_Abstract\Springer Database\Fixed Point Theory and Applications\9December 2008, Issue 1\paper1.txt",Erratum to: Mann Iteration Converges Faster than Ishikawa Iteration for the Class of Zamfirescu Operators,0.0,0.0,0.0,0.0,0.12111825704151082
"E:\GITHUB\topic analysis with NMF\Data_Abstract\Springer Database\Fixed Point Theory and Applications\9December 2008, Issue 1\paper10.txt","Coincidence Theorems, Generalized Variational Inequality Theorems, and Minimax Inequality Theorems for the  Open image in new window -Mapping on  Open image in new window -Convex Spaces",0.2831803103990326,0.011341427546999763,0.030967030077273004,0.0,0.025671564424181722
"E:\GITHUB\topic analysis with NMF\Data_Abstract\Springer Database\Fixed Point Theory and Applications\9December 2008, Issue 1\paper11.txt",An Extension of Gregus Fixed Point Theorem,0.3312934364723884,0.006252724966627139,0.0,0.0,0.011615037698498195
"E:\GITHUB\topic analysis with NMF\Data_Abstract\Springer Database\Fixed Point Theory and Applications\9December 2008, Issue 1\paper12.txt",Strong Convergence Theorems for a Finite Family of Nonexpansive Mappings,0.0,0.10695108825217928,0.21423338489462665,0.0,0.0
"E:\GITHUB\topic analysis with NMF\Data_Abstract\Springer Database\Fixed Point Theory and Applications\9December 2008, Issue 1\paper13.txt",An Algorithm Based on Resolvant Operators for Solving Positively Semidefinite Variational Inequalities,0.2086707799491794,0.0,0.07167290168827038,0.09339637749394222,0.023996772315620644
"E:\GITHUB\topic analysis with NMF\Data_Abstract\Springer Database\Fixed Point Theory and Applications\9December 2008, Issue 1\paper14.txt",Nonlinear Mean Ergodic Theorems for Semigroups in Hilbert Spaces,0.3026235437396081,0.0,0.008616264901227034,0.0,0.0
"E:\GITHUB\topic analysis with NMF\Data_Abstract\Springer Database\Fixed Point Theory and Applications\9December 2008, Issue 1\paper15.txt",A New Iterative Algorithm for Approximating Common Fixed Points for Asymptotically Nonexpansive Mappings,0.3367408820449854,0.0,0.010633269574970603,0.0,0.0
"E:\GITHUB\topic analysis with NMF\Data_Abstract\Springer Database\Fixed Point Theory and Applications\9December 2008, Issue 1\paper16.txt",Convergence Theorem for Equilibrium Problems and Fixed Point Problems of Infinite Family of Nonexpansive Mappings,0.0,0.0,0.31365105581373015,0.0,0.013624965816749008
"E:\GITHUB\topic analysis with NMF\Data_Abstract\Springer Database\Fixed Point Theory and Applications\9December 2008, Issue 1\paper17.txt",Hybrid Iteration Method for Fixed Points of Nonexpansive Mappings in Arbitrary Banach Spaces,0.0,0.036098839364932966,0.1611237099432477,0.017447967067006877,0.03714652559917102
"E:\GITHUB\topic analysis with NMF\Data_Abstract\Springer Database\Fixed Point Theory and Applications\9December 2008, Issue 1\paper18.txt","Remarks of Equivalence among Picard, Mann, and Ishikawa Iterations in Normed Spaces",0.0,0.009602912437325577,0.08008398703151266,0.02050549678475803,0.0
"E:\GITHUB\topic analysis with NMF\Data_Abstract\Springer Database\Fixed Point Theory and Applications\9December 2008, Issue 1\paper19.txt",The Equivalence between  Open image in new window -Stabilities of The Krasnoselskij and The Mann Iterations,0.25696258368107633,0.0,0.00874798176221044,0.0411872577237371,0.0
"E:\GITHUB\topic analysis with NMF\Data_Abstract\Springer Database\Fixed Point Theory and Applications\9December 2008, Issue 1\paper2.txt",Existence Principle for Advanced Integral Equations on Semiline,0.0,0.031546917126425815,0.0,0.12509797194353156,0.04935648803999651
"E:\GITHUB\topic analysis with NMF\Data_Abstract\Springer Database\Fixed Point Theory and Applications\9December 2008, Issue 1\paper20.txt",Strong Convergence Theorems of the CQ Method for Nonexpansive Semigroups,0.0,0.10502214841481264,0.1503302345773154,0.0,0.0
"E:\GITHUB\topic analysis with NMF\Data_Abstract\Springer Database\Fixed Point Theory and Applications\9December 2008, Issue 1\paper3.txt",A General Iterative Method for Equilibrium Problems and Fixed Point Problems in Hilbert Spaces,0.0,0.0,0.2931993633019123,0.0,0.0
"E:\GITHUB\topic analysis with NMF\Data_Abstract\Springer Database\Fixed Point Theory and Applications\9December 2008, Issue 1\paper4.txt",Existence of Solutions and Convergence of a Multistep Iterative Algorithm for a System of Variational Inclusions with  Open image in new window -Accretive Operators,0.13238780196478897,0.05998415623210249,0.05101972067908535,0.08849188333550898,0.0
"E:\GITHUB\topic analysis with NMF\Data_Abstract\Springer Database\Fixed Point Theory and Applications\9December 2008, Issue 1\paper5.txt",A Dual of the Compression-Expansion Fixed Point Theorems,0.0,0.003386871352935096,0.0,0.13869593656808998,0.17935954529786113
"E:\GITHUB\topic analysis with NMF\Data_Abstract\Springer Database\Fixed Point Theory and Applications\9December 2008, Issue 1\paper6.txt",On Fuzzy  Open image in new window -Contractive Mappings in Fuzzy Metric Spaces,0.039767932172769103,0.0,0.0,0.0,0.1401776189179675
"E:\GITHUB\topic analysis with NMF\Data_Abstract\Springer Database\Fixed Point Theory and Applications\9December 2008, Issue 1\paper7.txt",Estimating Nielsen Numbers on Wedge Product Spaces,0.2676046598704466,2.0580942390029077e-05,0.0,0.020526813872403498,0.0
"E:\GITHUB\topic analysis with NMF\Data_Abstract\Springer Database\Fixed Point Theory and Applications\9December 2008, Issue 1\paper8.txt","Remarks on Separation of Convex Sets, Fixed-Point Theorem, and Applications in Theory of Linear Operators",0.0046102188762691815,0.006817965270921673,0.0323779532114721,0.12320876577937309,0.07014003357315915
"E:\GITHUB\topic analysis with NMF\Data_Abstract\Springer Database\Fixed Point Theory and Applications\9December 2008, Issue 1\paper9.txt",A Fixed Point Theorem Based on Miranda,0.034212479054575744,0.0,0.001353983175844609,0.0,0.26997781958603956
